,time,Pitch_increment,Cp,Lambda_i,Lambda,Tem,Tm,Ia,Ea,w,pitch,dpitch,pitch_ref
0,0.10999999999999999,0.04,0.0009053731424953129,1.6667676785194763,0.6210242144622562,16.296319249647404,27.985854980888334,2.6481545262222292,21.935684226618427,3.564552251377746,0.27139895617229276,5.107150803064868e-06,0.2720970392959332
1,0.20000000000000004,0.04,0.0006895676460452133,1.6220870072161697,0.6376096047681432,16.740931070758325,20.76067798969724,2.720404019402247,22.52150982899076,3.6597490069600056,0.2713996145300433,9.490116763387877e-06,0.272097653714157
2,0.3000000000000001,0.04,0.0006191034497724136,1.605096281542982,0.6441593046317161,16.915838144867777,18.449705827712318,2.748826447367461,22.75285692406477,3.697342947503473,0.2714007976774696,1.4134090028443068e-05,0.2720987903054409
3,0.4000000000000002,0.04,0.0005942824623811951,1.5987455535710637,0.6466432340050704,16.9820884613399,17.64199451342368,2.759592134559868,22.84059374511981,3.7116001951821644,0.2714024337952407,1.8551408115577932e-05,0.2721003821393029
4,0.5000000000000002,0.04,0.0005847018293558754,1.5962378448397552,0.6476295148017354,17.008382335775657,17.331147803827623,2.7638648934284378,22.875430944073724,3.717261245673226,0.27140450077554756,2.2753133226649714e-05,0.27210240699703464
5,0.6000000000000003,0.04,0.0005808749130058467,1.5952270319711432,0.6480279451503792,17.01900248117862,17.207128114934235,2.7655906687821945,22.889504215470588,3.7195481545621254,0.2714069775895815,2.6749787658312472e-05,0.2721048437443408
6,0.7000000000000004,0.04,0.0005793254439628389,1.5948162637162062,0.6481900010812881,17.02332177304878,17.156938008391524,2.7662925544129817,22.895228320335885,3.720478322532904,0.2714098442348725,3.055138015279498e-05,0.2721076722784129
7,0.8000000000000005,0.04,0.0005786946489216251,1.5946487905249531,0.648256095939724,17.025083355826542,17.136509397743144,2.766578811900625,22.89756290876237,3.720857693531579,0.2714130816851972,3.416743096259525e-05,0.2721108734775865
8,0.9000000000000006,0.04,0.0005784372773921887,1.5945804203846639,0.6482830822814187,17.025802597208827,17.128174990388697,2.7666956887421232,22.898516114540925,3.72101258962549,0.2714166718429316,3.760699569185937e-05,0.27211442915345463
9,1.0000000000000007,0.04,0.0005783321696224802,1.594552494500411,0.6482941049405314,17.026096372854177,17.12477146182689,2.7667434273322313,22.898905454544106,3.7210758574392746,0.2714205974937306,4.087868797415084e-05,0.27211832200531977
10,1.1000000000000008,0.04,0.0005782892265452702,1.5945410867736813,0.6482986071447749,17.02621636585342,17.12338097423975,2.7667629262141067,22.899064480437637,3.721101699172815,0.2714248422634168,4.3990701043402193e-05,0.2721225355768669
11,1.2000000000000008,0.04,0.0005782716765624651,1.5945364275568472,0.6483004452742974,17.026265356376594,17.122812763522067,2.766770887182084,22.899129406454744,3.7211122496611457,0.2714293905769764,4.6950828252067445e-05,0.2721270542149534
12,1.300000000000001,0.04,0.0005782645013128973,1.5945345258881451,0.648301194763714,17.026285332714075,17.12258050691245,2.7667741333401707,22.89915587975931,3.7211165515774396,0.2714342276195544,4.9766482587859964e-05,0.2721318630304084
13,1.400000000000001,0.04,0.000578261565122657,1.5945337511374802,0.6483014993201714,17.026293450841287,17.122485521727427,2.7667754525371615,22.899166637237236,3.721118299669351,0.2714393392993541,5.2444715237949916e-05,0.2721369478607468
14,1.500000000000001,0.04,0.0005782603609904798,1.594533437007872,0.648301621974978,17.02629672101845,17.122446627573726,2.7667759839414825,22.899170969624034,3.7211190036829094,0.27144471221234745,5.4992233247112425e-05,0.2721422952347019
15,1.6000000000000012,0.04,0.000578259864521725,1.594533311229622,0.648301670213103,17.026298007912153,17.122430652971534,2.766776193061918,22.89917267348075,3.7211192805599023,0.2714503336087073,5.7415416314046284e-05,0.27214789233848946
16,1.7000000000000013,0.04,0.0005782596571291156,1.5945332625398934,0.6483016879600061,17.026298482212717,17.12242404330342,2.766776270135837,22.899173300333057,3.7211193824235043,0.27145619136087845,5.972033276792655e-05,0.27215372698371915
17,1.8000000000000014,0.04,0.0005782595677710754,1.5945332454675514,0.6483016931688996,17.026298622403132,17.122421259814708,2.766776292916802,22.899173484320475,3.7211194123214897,0.27146227393320727,6.191275476520067e-05,0.27215978757687087
18,1.9000000000000015,0.04,0.0005782595265595059,1.5945332414260662,0.6483016931798115,17.026298624105998,17.12242003924086,2.766776293193518,22.899173484705905,3.721119412384122,0.2714685703530521,6.399817274468513e-05,0.27216606309026103
19,2.0000000000000013,0.04,0.0005782595049402646,1.5945332428150107,0.6483016909957291,17.026298567353976,17.122419456773535,2.7667762839713053,22.899173407560212,3.7211193998479346,0.27147507018330597,6.598180917716214e-05,0.27217254303442706
20,2.109999999999999,0.04,0.0005782594901005492,1.594533246964163,0.6483016875022041,17.026298475898844,17.12241910963372,2.7667762691098314,22.89917328416267,3.721119379795814,0.27148244310147124,6.805217307571269e-05,0.2721798951970559
21,2.209999999999997,0.04,0.0005782594797576094,1.5945332517841202,0.648301683864001,17.026298380480736,17.122418899465764,2.766776253604373,22.899173155654843,3.721119358913271,0.2714893383564665,6.983794872952578e-05,0.27218677254953083
22,2.3099999999999947,0.04,0.0005782594705232458,1.5945332570899091,0.6483016799900834,17.02629827881958,17.122418728348542,2.766776237084419,22.899173018821156,3.7211193366777744,0.2714964077949396,7.153656727121972e-05,0.2721938249592395
23,2.4099999999999926,0.04,0.0005782594616752603,1.5945332626802564,0.6483016759620398,17.02629817308787,17.12241857274273,2.766776219902999,22.899172876543464,3.7211193135576264,0.27150364291563833,7.315228251743522e-05,0.2722010438822849
24,2.5099999999999905,0.04,0.0005782594529217877,1.594533268468715,0.6483016718160259,17.02629806424752,17.1224184230512,2.766776202216424,22.89917273009885,3.721119289760353,0.2715110356322253,7.468914067173865e-05,0.27220842119176614
25,2.6099999999999883,0.04,0.00057825944414664,1.5945332744159624,0.6483016675694949,17.026297952761865,17.12241827537264,2.7667761840999874,22.89917258010379,3.7211192653861316,0.27151857825302755,7.615099045744895e-05,0.2722159491574266
26,2.709999999999986,0.04,0.0005782594353052769,1.5945332805021297,0.6483016632321265,17.026297838887317,17.12241812813256,2.7667761655953544,22.899172426900186,3.721119240490521,0.2715262634617743,7.754149275591887e-05,0.2722236204262948
27,2.809999999999984,0.04,0.0005782594263822923,1.5945332867154836,0.6483016588102987,17.02629772279224,17.122417980706306,2.7667761467298857,22.899172270713336,3.7211192151101327,0.2715340842992744,7.886412977440766e-05,0.2722314280042704
28,2.909999999999982,0.04,0.0005782594173740361,1.5945332930477873,0.6483016543089243,17.026297604606146,17.122417832856055,2.7667761275246265,22.899172111716755,3.7211191892731623,0.27154203414598976,8.012221376650287e-05,0.2722393652386097
29,3.00999999999998,0.04,0.0005782594082815444,1.5945332994924055,0.6483016497322028,17.026297484439485,17.12241768450157,2.7667761079975244,22.899171950058783,3.7211191630037153,0.2715501067054571,8.131889532693197e-05,0.2722474258012644
30,3.1099999999999777,0.04,0.0005782593991076452,1.594533306043515,0.6483016450839362,17.026297362392306,17.12241753562618,2.7667760881648378,22.8991717858737,3.721119136323613,0.27155829598852044,8.245717128153334e-05,0.2722556036730352
31,3.2099999999999755,0.04,0.0005782593898557734,1.5945333126957757,0.6483016403676618,17.026297238557564,17.122417386238165,2.7667760680416724,22.89917161928647,3.721119109253161,0.2715665962983321,8.35398921921482e-05,0.2722638931284973
32,3.3099999999999734,0.04,0.0005782593805295059,1.59453331944419,0.6483016355867126,17.02629711302289,17.12241723635541,2.766776047642267,22.899171450414805,3.7211190818114876,0.27157500221608705,8.45697694952254e-05,0.2722722887216635
33,3.4099999999999713,0.04,0.0005782593711323765,1.594533326284039,0.6483016307442449,17.026296985871213,17.122417085999185,2.766776026980099,22.899171279370197,3.7211190540167114,0.2715835085874514,8.554938229201843e-05,0.27228078527234406
34,3.509999999999969,0.04,0.0005782593616677879,1.594533333210846,0.6483016258432563,17.026296857181343,17.12241693519108,2.7667760060679747,22.89917110625853,3.7211190258860376,0.2715921105096556,8.64811838073769e-05,0.2722893778531758
35,3.609999999999967,0.04,0.0005782593521390046,1.594533340220359,0.6483016208865958,17.026296727028207,17.122416783952513,2.766775984918069,22.899170931180432,3.7211189974358176,0.2716008033192165,8.736750753330898e-05,0.27229806177728205
36,3.709999999999965,0.04,0.0005782593425491391,1.5945333473085361,0.6483016158769723,17.02629659548298,17.1224166323041,2.766775963541948,22.899170754231584,3.7211189686816013,0.2716095825802578,8.821057307269898e-05,0.272306832586535
37,3.8099999999999627,0.04,0.0005782593329011521,1.594533354471533,0.6483016108169622,17.026296462613367,17.12241648026546,2.766775941950614,22.899170575502993,3.721118939638176,0.271618444073402,8.901249169781476e-05,0.2723156860403914
38,3.9099999999999606,0.04,0.0005782593231978673,1.5945333617056945,0.648301605709016,17.026296328483788,17.122416327855486,2.766775920154536,22.89917039508121,3.721118910319607,0.2716273837852042,8.97752716375248e-05,0.2723246181052737
39,4.009999999999959,0.04,0.0005782593134419648,1.5945333690075425,0.6483016005554646,17.026296193155517,17.12241617509197,2.7667758981636696,22.89917021304857,3.7211188807392737,0.27163639789810057,9.050082310646614e-05,0.27233362494446806
40,4.109999999999957,0.04,0.0005782593036359946,1.5945333763737688,0.6483015953585256,17.026296056686807,17.122416021991853,2.766775875987482,22.899170029483404,3.721118850909904,0.2716454827808486,9.119096308875641e-05,0.27234270290851664
41,4.209999999999955,0.04,0.000578259293782395,1.5945333838012297,0.6483015901203071,17.026295919133105,17.122415868571654,2.766775853634983,22.899169844460175,3.7211188208435995,0.2716546349794332,9.184741988823149e-05,0.27235184852607797
42,4.3099999999999525,0.04,0.000578259283883468,1.5945333912869308,0.6483015848428155,17.026295780547148,17.122415714846543,2.766775831114743,22.899169658049747,3.7211187905518748,0.27166385120841724,9.247183745660205e-05,0.2723610584952342
43,4.40999999999995,0.04,0.0005782592739414123,1.5945333988280264,0.6483015795279591,17.026295640979093,17.12241556083123,2.766775808434911,22.899169470319528,3.7211187600456834,0.2716731283427134,9.306577951036949e-05,0.2723703296752215
44,4.509999999999948,0.04,0.0005782592639583169,1.5945334064218082,0.6483015741775529,17.02629550047662,17.122415406539627,2.7667757856032367,22.899169281333624,3.7211187293354433,0.2716824634097584,9.363073344680989e-05,0.27237965907856554
45,4.609999999999946,0.04,0.000578259253936171,1.594533414065702,0.6483015687933231,17.026295359085115,17.122415251985046,2.766775762627094,22.899169091153016,3.721118698431064,0.2716918535820687,9.41681140688335e-05,0.2723890438635992
46,4.709999999999944,0.04,0.0005782592438768676,1.5945334217572578,0.6483015633769121,17.026295216847778,17.122415097180163,2.7667757395135038,22.899168899835708,3.7211186673419703,0.2717012961701602,9.467926712804742e-05,0.2723984813273471
47,4.809999999999942,0.04,0.0005782592337822,1.594533429494145,0.6483015579298822,17.026295073805663,17.12241494213682,2.7667757162691364,22.899168707436882,3.72111863607713,0.27171078861581205,9.516547269489474e-05,0.2724079688987557
48,4.90999999999994,0.04,0.0005782592236538857,1.594533437274148,0.6483015524537189,17.026294929997732,17.122414786866624,2.766775692900324,22.899168514009016,3.72111860464507,0.27172032848566097,9.562794836430935e-05,0.272417504132255
49,5.009999999999938,0.04,0.0005782592134935445,1.5945334450951576,0.6483015469498361,17.026294785461246,17.122414631380213,2.766775669413122,22.89916831960205,3.7211185730539063,0.271729913465107,9.606785230491512e-05,0.2724270847016347
50,5.1099999999999355,0.04,0.000578259203302732,1.5945334529551698,0.6483015414195779,17.026294640231505,17.122414475688142,2.7667756458132655,22.89916812426345,3.7211185413113523,0.2717395413525175,9.648628615940381e-05,0.2724367083942178
51,5.209999999999933,0.04,0.0005782591930829166,1.5945334608522765,0.648301535864223,17.026294494342125,17.122414319800118,2.7667756221062176,22.8991679280384,3.721118509424749,0.27174921005371305,9.688429780335767e-05,0.27244637310532005
52,5.309999999999931,0.04,0.0005782591828354991,1.5945334687846635,0.6483015302849882,17.02629434782508,17.12241416372548,2.766775598297174,22.89916773096986,3.72111847740108,0.2717589175767238,9.726288396942314e-05,0.2724560768329792
53,5.409999999999929,0.04,0.0005782591725618116,1.594533476750605,0.6483015246830305,17.026294200710772,17.122414007473118,2.766775574391075,22.899167533098712,3.721118445246986,0.2717686620268003,9.76229927434085e-05,0.27246581767294115
54,5.509999999999927,0.04,0.0005782591622631241,1.5945334847484598,0.6483015190594504,17.026294053028135,17.122413851051565,2.766775550392622,22.899167334463822,3.721118412968784,0.27177844160166886,9.796552593855653e-05,0.2724755938138915
55,5.609999999999925,0.04,0.0005782591519406426,1.5945334927766668,0.6483015134152948,17.026293904804703,17.122413694468886,2.7667755263062905,22.89916713510217,3.7211183805724835,0.2717882545870184,9.829134135393733e-05,0.27248540353291967
56,5.709999999999923,0.04,0.0005782591415955098,1.5945335008337402,0.6483015077515598,17.02629375606662,17.122413537732612,2.7667755021363285,22.899166935048935,3.7211183480638,0.2717980993522066,9.860125492261766e-05,0.2724952451912037
57,5.809999999999921,0.04,0.0005782591312288177,1.5945335089182673,0.6483015020691927,17.02629360683882,17.122413380850055,2.766775477886786,22.899166734337577,3.7211183154481717,0.2718079743461769,9.889604275498553e-05,0.2725051172299062
58,5.909999999999918,0.04,0.0005782591208416079,1.5945335170289052,0.6483014963690942,17.026293457144977,17.122413223828264,2.7667754535615123,22.89916653299992,3.72111828273077,0.27181787809357405,9.917644308234847e-05,0.2725150181662714
59,6.009999999999916,0.04,0.0005782591104348609,1.5945335251643746,0.6483014906521218,17.026293307007606,17.122413066673634,2.766775429164165,22.89916633106625,3.7211182499165156,0.2718278091910497,9.944315810567099e-05,0.2725249465899111
60,6.109999999999914,0.04,0.0005782591000095208,1.594533533323461,0.6483014849190906,17.02629315644814,17.12241290939258,2.766775404698228,22.899166128565348,3.721118217010086,0.2718377663037475,9.969685575408313e-05,0.27253490115927304
61,6.209999999999912,0.04,0.0005782590895664774,1.5945335415050068,0.6483014791707762,17.026293005486966,17.12241275199098,2.766775380167012,22.899165925524617,3.721118184015934,0.2718477481619605,9.993817135756158e-05,0.27254488059828097
62,6.30999999999991,0.04,0.0005782590791065826,1.5945335497079132,0.6483014734079161,17.026292854143488,17.122412594474557,2.7667753555736727,22.89916572197011,3.721118150938294,0.27185775355795144,0.00010016770923797409,0.27255488369313935
63,6.409999999999908,0.04,0.0005782590686306427,1.594533557931133,0.6483014676312122,17.026292702436102,17.122412436848677,2.7667753309211975,22.89916551792661,3.721118117781192,0.27186778134292855,0.00010038604422247076,0.2725649092892936
64,6.509999999999906,0.04,0.0005782590581394283,1.594533566173672,0.6483014618413319,17.02629255038242,17.122412279118507,2.766775306212449,22.899165313417697,3.7211180845484604,0.271877830424168,0.00010059372308301219,0.2725749562885386
65,6.6099999999999035,0.04,0.0005782590476336697,1.5945335744345832,0.6483014560389098,17.02629239799907,17.122412121288924,2.7667752814501307,22.899165108465787,3.721118051243742,0.2718878997622781,0.00010079126590563962,0.2725850236462687
66,6.709999999999901,0.04,0.0005782590371140601,1.5945335827129654,0.6483014502245503,17.02629224530198,17.122411963364485,2.7667752566368287,22.899164903092228,3.7211180178705052,0.2718979883685957,0.00010097916739291605,0.2725951103688613
67,6.809999999999899,0.04,0.0005782590265812641,1.5945335910079632,0.6483014443988275,17.026292092306196,17.12241180534971,2.7667752317749885,22.899164697317303,3.721117984432046,0.2719080953027107,0.00010115789810279998,0.272605215511189
68,6.909999999999897,0.04,0.0005782590160359079,1.594533599318761,0.6483014385622883,17.026291939026127,17.122411647248693,2.7667752068669524,22.89916449116031,3.7211179509315016,0.2719182196701111,0.00010132790562705467,0.2726153381742526
69,7.009999999999895,0.04,0.000578259005478593,1.5945336076445848,0.6483014327154519,17.026291785475404,17.122411489065538,2.766775181914935,22.89916428463961,3.721117917371854,0.2719283606199427,0.00010148961571214285,0.2726254775029298
70,7.109999999999893,0.04,0.0005782589949098863,1.5945336159846968,0.6483014268588132,17.026291631667018,17.122411330803953,2.7667751569210477,22.89916407777267,3.721117883755943,0.27193851734287827,0.00010164343332541533,0.27263563268383356
71,7.209999999999891,0.04,0.0005782589843303318,1.5945336243383965,0.648301420992842,17.02629147761334,17.122411172467636,2.7667751318873,22.899163870576096,3.721117850086466,0.27194868906909087,0.00010178974366926274,0.2726458029432751
72,7.309999999999889,0.04,0.0005782589737404416,1.5945336327050164,0.6483014151179862,17.02629132332616,17.12241101405994,2.766775106815608,22.899163663065696,3.721117816365992,0.2719588750663259,0.00010192891314577017,0.27265598754532683
73,7.4099999999998865,0.04,0.0005782589631407077,1.5945336410839226,0.6483014092346711,17.02629116881663,17.12241085558418,2.766775081707784,22.8991634552565,3.7211177825969637,0.2719690746380674,0.00010206129027429052,0.2726661857899788
74,7.509999999999884,0.04,0.0005782589525315973,1.594533649474512,0.6483014033433012,17.026291014095385,17.122410697043513,2.7667750565655567,22.899163247162793,3.721117748781703,0.2719792871217941,0.00010218720656423473,0.27267639701138624
75,7.609999999999882,0.04,0.0005782589419135531,1.5945336578762104,0.648301397444262,17.026290859172544,17.122410538440867,2.7667750313905697,22.899163038798193,3.7211177149224213,0.2719895118873196,0.00010230697734526417,0.2726866205762017
76,7.70999999999988,0.04,0.0005782589312869967,1.594533666288472,0.6483013915379192,17.02629070405775,17.122410379779062,2.7667750061843908,22.899162830175623,3.72111768102122,0.27199974833521456,0.00010242090255696441,0.27269685588198883
77,7.809999999999878,0.04,0.0005782589206523275,1.5945336747107772,0.6483013856246217,17.026290548760155,17.122410221060715,2.7667749809485063,22.899162621307394,3.721117647080099,0.2720099958953059,0.00010252926749997795,0.2727071023557143
78,7.909999999999876,0.04,0.0005782589100099287,1.5945336831426324,0.6483013797047006,17.026290393288484,17.12241006228843,2.766774955684334,22.89916241220521,3.72111761310096,0.27202025402524815,0.00010263234355047702,0.2727173594523123
79,8.009999999999874,0.04,0.000578258899360164,1.594533691583568,0.6483013737784713,17.02629023765099,17.12240990346464,2.766774930393216,22.89916220288021,3.7211175790856132,0.27203052220916607,0.00010273038883976543,0.2727276266533197
80,8.109999999999872,0.04,0.0005782588887033783,1.5945337000331368,0.6483013678462334,17.0262900818556,17.122409744591643,2.7667749050764403,22.89916199334297,3.7211175450357783,0.2720407999563624,0.00010282364890071172,0.2727379034655776
81,8.20999999999987,0.04,0.0005782588780398965,1.5945337084909132,0.6483013619082725,17.02628992590974,17.122409585671534,2.7667748797352125,22.89916178360359,3.721117510953094,0.27205108680008866,0.00010291235728263227,0.2727481894199964
82,8.309999999999867,0.04,0.0005782588673700354,1.594533716956494,0.6483013559648594,17.026289769820615,17.122409426706515,2.7667748543707043,22.899161573671627,3.721117476839116,0.2720613822963768,0.00010299673613616414,0.2727584840703809
83,8.409999999999865,0.04,0.0005782588566940936,1.5945337254294945,0.6483013500162523,17.02628961359495,17.122409267698625,2.766774828984009,22.899161363556203,3.7211174426953257,0.2720716860229273,0.00010307699676959252,0.2727687869923132
84,8.509999999999863,0.04,0.0005782588460123474,1.594533733909548,0.648301344062697,17.02628945723923,17.122409108649553,2.7667748035761783,22.899161153265997,3.721117408523133,0.2720819975780515,0.00010315334017802599,0.27277909778208964
85,8.60999999999986,0.04,0.0005782588353250711,1.5945337423963073,0.6483013381044267,17.026289300759625,17.122408949561255,2.7667747781482173,22.89916094280925,3.7211173743238777,0.27209231657966565,0.00010322595754674437,0.2727894160557098
86,8.709999999999859,0.04,0.0005782588246325177,1.5945337508894413,0.6483013321416636,17.02628914416187,17.12240879043536,2.7667747527010564,22.89916073219381,3.7211173400988344,0.2721026426643339,0.00010329503072998028,0.2727997414479148
87,8.809999999999857,0.04,0.0005782588139349312,1.5945337593886348,0.648301326174619,17.026288987451597,17.12240863127351,2.7667747272356116,22.899160521427138,3.721117305849216,0.2721129754863588,0.0001033607327063331,0.272810073611273
88,8.909999999999854,0.04,0.0005782588032325439,1.594533767893589,0.6483013202034937,17.02628883063411,17.122408472077282,2.7667747017527446,22.899160310516333,3.7211172715761758,0.27212331471691487,0.0001034232280119559,0.2728204122153094
89,9.009999999999852,0.04,0.000578258792525574,1.5945337764040184,0.6483013142284793,17.026288673714344,17.12240831284808,2.7667746762532572,22.899160099468148,3.7211172372808115,0.2721336600432252,0.00010348267315260006,0.27283075694567827
90,9.10999999999985,0.04,0.000578258781814237,1.5945337849196535,0.6483013082497567,17.026288516697164,17.122408153587493,2.7667746507379403,22.899159888288995,3.7211172029641646,0.27214401116777853,0.00010353921699554932,0.27284110750337576
91,9.209999999999848,0.04,0.0005782587710987238,1.5945337934402348,0.6483013022674998,17.026288359587063,17.122407994296587,2.7667746252075234,22.899159676985,3.7211171686272313,0.27215436780758406,0.00010359300114242522,0.27285146360399165
92,9.309999999999846,0.04,0.0005782587603792275,1.594533801965518,0.6483012962818729,17.0262882023884,17.12240783497675,2.766774599662715,22.899159465561965,3.721117134270954,0.2721647296934629,0.00010364416028379752,0.2728618249769967
93,9.409999999999844,0.04,0.0005782587496559264,1.5945338104952695,0.6483012902930325,17.02628804510528,17.122407675629123,2.7667745741041823,22.899159254025427,3.721117099896232,0.2721750965693734,0.00010369282253648675,0.2728721913650648
94,9.509999999999842,0.04,0.0005782587389289971,1.5945338190292686,0.6483012843011272,17.026287887741557,17.122407516255002,2.7667745485325517,22.899159042380635,3.7211170655039187,0.2721854681917706,0.0001037391097644048,0.27288256252342946
95,9.60999999999984,0.04,0.0005782587281985972,1.5945338275673033,0.6483012783062988,17.026287730301064,17.12240735685532,2.7667745229484457,22.89915883063259,3.721117031094827,0.2721958443289959,0.00010378313788373619,0.2728929382192699
96,9.709999999999837,0.04,0.0005782587174648873,1.5945338361091739,0.6483012723086818,17.02628757278726,17.12240719743127,2.7667744973524275,22.89915861878605,3.72111699666973,0.27220622476069745,0.00010382501715322485,0.272903318231129
97,9.809999999999835,0.04,0.0005782587067280059,1.5945338446546877,0.648301266308405,17.02628741520354,17.122407037983564,2.7667744717450473,22.899158406845554,3.721116962229365,0.2722166092772777,0.00010386485245029259,0.27291370234835777
98,9.909999999999833,0.04,0.0005782586959881032,1.5945338532036653,0.6483012603055894,17.026287257553108,17.12240687851344,2.7667744461268264,22.899158194815392,3.721116927774429,0.2722269976793686,0.0001039027435336818,0.272924090370588
99,10.009999999999831,0.04,0.0005782586852453066,1.5945338617559328,0.6483012543003516,17.026287099839003,17.1224067190216,2.7667744204982583,22.899157982699663,3.721116893305589,0.27223738977733297,0.00010393878529327936,0.2729344821072313
100,10.109999999999829,0.04,0.0005782586744997472,1.5945338703113268,0.6483012482928012,17.026286942064107,17.122406559509024,2.7667743948598127,22.899157770502264,3.7211168588234766,0.27224778539078875,0.00010397306798774712,0.2729448773770008
101,10.209999999999827,0.04,0.0005782586637515404,1.5945338788696897,0.6483012422830439,17.02628678423121,17.122406399976345,2.766774369211941,22.8991575582269,3.721116824328696,0.27225818434815785,0.00010400567747055527,0.2729552760074576
102,10.309999999999825,0.04,0.0005782586530008055,1.5945338874308739,0.648301236271179,17.026286626342944,17.122406240424475,2.7667743435550722,22.899157345877093,3.7211167898218176,0.27226858648623603,0.00010403669540498317,0.272965677834579
103,10.409999999999823,0.04,0.0005782586422476508,1.594533895994738,0.6483012302573012,17.026286468401757,17.122406080854105,2.7667743178896034,22.899157133456193,3.721116755303387,0.272278991649785,0.00010406619946862731,0.2729760827023477
104,10.50999999999982,0.04,0.0005782586314921796,1.5945339045611473,0.6483012242415014,17.026286310410043,17.122405921265912,2.766774292215924,22.899156920967396,3.721116720773923,0.2722893996911423,0.00010409426354792771,0.2729864904623608
105,10.609999999999818,0.04,0.0005782586207344922,1.5945339131299743,0.6483012182238649,17.026286152370083,17.122405761660595,2.766774266534405,22.899156708413734,3.721116686233918,0.2722998104698532,0.00010412095792320002,0.2729969009734587
106,10.709999999999816,0.04,0.0005782586099746822,1.594533921701097,0.6483012122044737,17.026285994283977,17.122405602038768,2.766774240845387,22.89915649579809,3.721116651683841,0.2723102238523171,0.0001041463494446377,0.27300731410137097
107,10.809999999999814,0.04,0.0005782585992128374,1.5945339302743997,0.6483012061834053,17.026285836153818,17.122405442400986,2.7667742151492107,22.8991562831232,3.7211166171241374,0.2723206397114547,0.00010417050169972288,0.27301772971838056
108,10.909999999999812,0.04,0.0005782585884490445,1.5945339388497723,0.6483012001607339,17.026285677981498,17.12240528274785,2.766774189446183,22.899156070391694,3.721116582555233,0.27233105792638873,0.00010419347517246782,0.273028147703004
109,11.00999999999981,0.04,0.0005782585776833839,1.5945339474271103,0.6483011941365295,17.026285519768916,17.122405123079904,2.7667741637366126,22.899155857606033,3.7211165479775286,0.27234147838214134,0.00010421532739488342,0.27303856793968667
110,11.109999999999808,0.04,0.0005782585669159352,1.5945339560063143,0.648301188110859,17.026285361517775,17.122404963397724,2.766774138020777,22.899155644768594,3.72111651339141,0.2723519009693467,0.00010423611309105593,0.273048990318514
111,11.209999999999805,0.04,0.0005782585561467658,1.5945339645872887,0.6483011820837865,17.02628520322981,17.122404803701624,2.7667741122989566,22.899155431881628,3.7211164787972435,0.2723623255839761,0.00010425588431419103,0.27305941473493556
112,11.309999999999803,0.04,0.0005782585453759494,1.594533973169944,0.648301176055372,17.02628504490656,17.122404643992194,2.7667740865714032,22.899155218947264,3.7211164441953746,0.27237275212707873,0.00010427469057696964,0.27306984108950416
113,11.409999999999801,0.04,0.0005782585346035528,1.5945339817541948,0.6483011700256731,17.02628488654956,17.122404484269893,2.7667740608383644,22.899155005967533,3.7211164095861338,0.2723831805045328,0.00010429257897554165,0.27308026928762585
114,11.509999999999799,0.04,0.0005782585238296371,1.5945339903399591,0.6483011639947447,17.026284728160263,17.122404324535083,2.766774035100078,22.899154792944373,3.7211163749698355,0.2723936106268105,0.00010430959430746796,0.27309069923932366
115,11.609999999999797,0.04,0.0005782585130542636,1.5945339989271596,0.6483011579626389,17.02628456974001,17.122404164788197,2.766774009356761,22.89915457987962,3.721116340346779,0.2724040424087534,0.0001043257791839061,0.2731011308590121
116,11.709999999999795,0.04,0.000578258502277487,1.5945340075157222,0.6483011519294052,17.026284411290092,17.12240400502955,2.7667739836086236,22.899154366775036,3.721116305717249,0.2724144757693593,0.00010434117413632027,0.2731115640652826
117,11.809999999999793,0.04,0.0005782584914993663,1.5945340161055774,0.6483011458950905,17.02628425281178,17.122403845259655,2.7667739578558725,22.899154153632264,3.721116271081514,0.2724249106315796,0.00010435581771798379,0.2731219987807
118,11.90999999999979,0.04,0.000578258480719949,1.594534024696658,0.6483011398597398,17.02628409430624,17.122403685478726,2.7667739320986966,22.8991539404529,3.721116236439833,0.2724353469221259,0.00010436974660052687,0.2731324349316083
119,12.009999999999788,0.04,0.0005782584699392856,1.5945340332889006,0.6483011338233958,17.026283935774615,17.12240352568713,2.7667739063372814,22.89915372723845,3.72111620179245,0.27244578457128704,0.00010438299566577333,0.2731428724479467
120,12.109999999999786,0.04,0.0005782584591574241,1.5945340418822451,0.6483011277860989,17.02628377721792,17.122403365885226,2.7667738805717925,22.899153513990345,3.7211161671395985,0.272456223512754,0.00010439559809309373,0.2731533112630735
121,12.209999999999784,0.04,0.0005782584483744058,1.5945340504766334,0.648301121747888,17.02628361863722,17.1224032060732,2.766773854802403,22.89915330070995,3.7211161324815,0.27246666368345407,0.00010440758544249633,0.27316375131359955
122,12.309999999999782,0.04,0.0005782584375902752,1.5945340590720116,0.6483011157087994,17.026283460033437,17.122403046251417,2.7667738290292627,22.89915308739856,3.721116097818364,0.2724771050233931,0.00010441898773366174,0.27317419253922987
123,12.40999999999978,0.04,0.0005782584268050715,1.5945340676683273,0.6483011096688682,17.026283301407542,17.12240288642011,2.766773803252529,22.899152874057407,3.721116063150392,0.2724875474755045,0.0001044298335211211,0.2731846348826116
124,12.509999999999778,0.04,0.0005782584160188315,1.5945340762655307,0.6483011036281279,17.02628314276036,17.12240272657949,2.766773777472336,22.89915266068767,3.7211160284777747,0.2724979909855075,0.00010444014996576434,0.27319507828919143
125,12.609999999999776,0.04,0.0005782584052315955,1.5945340848635758,0.6483010975866094,17.02628298409273,17.122402566729924,2.7667737516888207,22.899152447290444,3.7211159938006912,0.27250843550177034,0.00010444996290285854,0.27320552270707893
126,12.709999999999773,0.04,0.0005782583944433945,1.594534093462417,0.6483010915443432,17.026282825405442,17.12240240687153,2.76677372590211,22.89915223386682,3.721115959119317,0.2725188809751811,0.00010445929690674708,0.27321596808691573
127,12.809999999999771,0.04,0.0005782583836542657,1.5945341020620127,0.6483010855013578,17.02628266669927,17.122402247004654,2.766773700112332,22.89915202041778,3.7211159244338137,0.27252932735902496,0.00010446817535239031,0.2732264143817526
128,12.90999999999977,0.04,0.0005782583728642344,1.5945341106623214,0.6483010794576803,17.02628250797492,17.122402087129334,2.7667736743195985,22.8991518069443,3.7211158897443384,0.27253977460886714,0.00010447662047390307,0.27323686154693183
129,13.009999999999767,0.04,0.0005782583620733358,1.5945341192633056,0.6483010734133366,17.026282349233043,17.12240192724592,2.766773648524018,22.89915159344729,3.7211158550510395,0.2725502226824414,0.00010448465342023525,0.2732473095399752
130,13.109999999999765,0.04,0.0005782583512815967,1.594534127864928,0.6483010673683514,17.02628219047433,17.122401767354564,2.7667736227257014,22.899151379927613,3.7211158203540577,0.27256067153954416,0.00010449229430813465,0.2732577583204776
131,13.209999999999763,0.04,0.0005782583404890435,1.5945341364671544,0.6483010613227479,17.026282031699314,17.122401607455426,2.7667735969247356,22.8991511663861,3.7211157856535273,0.27257112114193466,0.00010449956227252496,0.27326820785000633
132,13.30999999999976,0.04,0.0005782583296956992,1.5945341450699506,0.6483010552765485,17.026281872908687,17.122401447548597,2.7667735711212327,22.899150952823543,3.721115750949577,0.2725815714532381,0.00010450647551442473,0.273278658092004
133,13.409999999999759,0.04,0.0005782583189015913,1.5945341536732858,0.6483010492297745,17.02628171410294,17.12240128763434,2.766773545315273,22.899150739240685,3.721115716242328,0.27259202243885483,0.0001045130513465284,0.2732891090116976
134,13.509999999999756,0.04,0.0005782583081067421,1.59453416227713,0.6483010431824457,17.02628155528263,17.12240112771277,2.766773519506947,22.899150525638237,3.721115681531895,0.2726024740658743,0.00010451930623656148,0.2732995605760114
135,13.609999999999754,0.04,0.0005782582973111744,1.5945341708814549,0.6483010371345814,17.026281396448244,17.12240096778407,2.7667734936963333,22.89915031201687,3.7211156468183884,0.27261292630299183,0.00010452525584852073,0.27331001275348366
136,13.709999999999752,0.04,0.0005782582865149084,1.594534179486233,0.6483010310861999,17.02628123760026,17.122400807848354,2.76677346788351,22.89915009837723,3.7211156121019124,0.27262337912043105,0.00010453091508190109,0.2733204655141887
137,13.80999999999975,0.04,0.0005782582757179643,1.5945341880914388,0.6483010250373185,17.026281078739142,17.12240064790576,2.7667734420685526,22.899149884719936,3.7211155773825673,0.27263383248986833,0.00010453629810900817,0.27333091882966076
138,13.909999999999748,0.04,0.0005782582649203616,1.5945341966970477,0.6483010189879534,17.02628091986531,17.12240048795643,2.7667734162515294,22.899149671045564,3.721115542660447,0.27264428638436294,0.00010454141841044968,0.273341372672824
139,14.009999999999746,0.04,0.0005782582541221168,1.5945342053030362,0.6483010129381208,17.02628076097921,17.122400328000435,2.766773390432512,22.89914945735467,3.721115507935642,0.27265474077828866,0.00010454628880889485,0.27335182701792365
140,14.109999999999744,0.04,0.0005782582433232491,1.5945342139093825,0.6483010068878351,17.026280602081194,17.122400168037956,2.7667733646115584,22.899149243647777,3.721115473208237,0.27266519564727004,0.00010455092150118557,0.273362281840462
141,14.209999999999742,0.04,0.0005782582325237726,1.5945342225160648,0.648301000837111,17.02628044317165,17.122400008069032,2.7667733387887323,22.899149029925393,3.721115438478315,0.2726756509681215,0.00010455532808888102,0.2733727371171371
142,14.30999999999974,0.04,0.0005782582217237047,1.5945342311230637,0.6483009947859616,17.02628028425094,17.12239984809382,2.7667733129640912,22.899148816187992,3.721115403745953,0.2726861067187888,0.00010455951960731127,0.2733831928257841
143,14.409999999999737,0.04,0.0005782582109230598,1.59453423973036,0.6483009887343997,17.026280125319392,17.122399688112417,2.7667732871376884,22.89914860243602,3.7211153690112226,0.27269656287829436,0.00010456350655321243,0.2733936489453203
144,14.509999999999735,0.04,0.0005782582001218539,1.5945342483379357,0.6483009826824376,17.026279966377324,17.122399528124973,2.766773261309577,22.899148388669914,3.7211153342741956,0.2727070194266841,0.00010456729891101388,0.27340410545569144
145,14.609999999999733,0.04,0.0005782581893200962,1.5945342569457728,0.6483009766300871,17.02627980742506,17.12239936813144,2.766773235479808,22.899148174890087,3.721115299534939,0.27271747634497834,0.00010457090617784188,0.2734145623378226
146,14.70999999999973,0.04,0.0005782581785178011,1.5945342655538552,0.6483009705773591,17.02627964846287,17.122399208131966,2.7667732096484263,22.899147961096926,3.7211152647935153,0.2727279336151229,0.00010457433738730315,0.273425019573569
147,14.809999999999729,0.04,0.0005782581677149814,1.5945342741621675,0.6483009645242641,17.02627948949102,17.12239904812665,2.766773183815475,22.899147747290797,3.721115230049985,0.2727383912199456,0.00010457760113210714,0.27343547714567246
148,14.909999999999727,0.04,0.0005782581569116483,1.5945342827706948,0.6483009584708121,17.02627933050981,17.122398888115548,2.766773157981002,22.899147533472068,3.721115195304406,0.2727488491431121,0.00010458070558558516,0.2734459350377166
149,15.009999999999724,0.04,0.0005782581461078122,1.5945342913794225,0.6483009524170128,17.026279171519466,17.122398728098727,2.7667731321450457,22.899147319641063,3.7211151605568333,0.2727593073690852,0.00010458365852215827,0.2734563932340863
150,15.109999999999722,0.04,0.0005782581353034846,1.5945342999883376,0.6483009463628748,17.026279012520234,17.122398568076296,2.7667731063076446,22.8991471057981,3.721115125807317,0.2727697658830858,0.00010458646733680694,0.2734668517199284
151,15.20999999999972,0.04,0.0005782581244986752,1.5945343085974273,0.6483009403084072,17.026278853512338,17.122398408048305,2.7667730804688353,22.89914689194349,3.7211150910559083,0.27278022467105656,0.00010458913906358974,0.2734773104811149
152,15.309999999999718,0.04,0.0005782581136933913,1.594534317206679,0.6483009342536179,17.026278694496003,17.12239824801475,2.7667730546286555,22.89914667807752,3.721115056302654,0.2727906837196259,0.00010459168039325897,0.2734877695042072
153,15.409999999999716,0.04,0.0005782581028876439,1.5945343258160813,0.6483009281985148,17.026278535471377,17.12239808797576,2.7667730287871275,22.899146464200463,3.721115021547597,0.27280114301607505,0.000104594097690016,0.2734982287764228
154,15.509999999999714,0.04,0.0005782580920814415,1.5945343344256235,0.6483009221431051,17.026278376438736,17.12239792793139,2.7667730029442974,22.899146250312583,3.7211149867907816,0.27281160254830583,0.00010459639700744893,0.2735086882856028
155,15.609999999999712,0.04,0.0005782580812747928,1.5945343430352952,0.648300916087396,17.026278217398232,17.122397767881708,2.76677297710019,22.899146036414127,3.7211149520322477,0.2728220623048106,0.00010459858410369281,0.2735191480201818
156,15.70999999999971,0.04,0.0005782580704677023,1.5945343516450856,0.6483009100313942,17.026278058350027,17.122397607826677,2.766772951254831,22.89914582250533,3.721114917272033,0.27283252227464344,0.00010460066445584928,0.2735296079691589
157,15.809999999999707,0.04,0.0005782580596601834,1.5945343602549866,0.6483009039751059,17.026277899294303,17.122397447766517,2.7667729254082496,22.89914560858641,3.721114882510174,0.2728429824473927,0.00010460264327370283,0.2735400681220704
158,15.909999999999705,0.04,0.0005782580488522375,1.594534368864988,0.6483008979185374,17.026277740231194,17.122397287701116,2.766772899560469,22.899145394657594,3.721114847746707,0.2728534428131548,0.00010460452551276762,0.27355052846896294
159,16.009999999999703,0.04,0.000578258038043871,1.5945343774750809,0.6483008918616946,17.026277581160898,17.122397127630503,2.7667728737115196,22.89914518071909,3.721114812981665,0.27286390336250915,0.00010460631588669765,0.2735609890003687
160,16.10999999999972,0.04,0.0005782580272350933,1.594534386085258,0.6483008858045827,17.02627742208353,17.122396967554817,2.766772847861422,22.89914496677108,3.7211147782150786,0.2728743640864955,0.00010460801887909073,0.2735714497072824
161,16.209999999999734,0.04,0.0005782580164259099,1.5945343946955117,0.6483008797472067,17.02627726299923,17.122396807474086,2.7667728220101973,22.899144752813747,3.7211147434469773,0.27288482497659056,0.00010460963875471675,0.2735819105811381
162,16.30999999999975,0.04,0.0005782580056163267,1.5945344033058346,0.6483008736895719,17.026277103908125,17.12239664738836,2.7667727961578663,22.899144538847267,3.7211147086773897,0.2728952860246875,0.00010461117957019811,0.27359237161378824
163,16.409999999999766,0.04,0.000578257994806346,1.5945344119162186,0.6483008676316832,17.02627694481035,17.122396487297564,2.766772770304452,22.899144324871816,3.721114673906344,0.27290574722307454,0.0001046126451841683,0.27360283279748243
164,16.50999999999978,0.04,0.0005782579839959778,1.5945344205266583,0.6483008615735445,17.026276785706,17.122396327201884,2.7667727444499692,22.899144110887544,3.721114639133865,0.2729162085644167,0.00010461403926693536,0.27361329412484875
165,16.609999999999797,0.04,0.0005782579731852232,1.5945344291371466,0.6483008555151606,17.02627662659524,17.12239616710124,2.7667727185944453,22.899143896894607,3.721114604359978,0.2729266700417367,0.00010461536530967307,0.2736237555888752
166,16.709999999999813,0.04,0.0005782579623740892,1.5945344377476778,0.6483008494565353,17.026276467478073,17.122396006995736,2.76677269273788,22.89914368289314,3.721114569584705,0.2729371316483983,0.00010461662663316372,0.2736342171828919
167,16.809999999999828,0.04,0.0005782579515625787,1.594534446358246,0.6483008433976725,17.026276308354724,17.122395846885357,2.7667726668803097,22.899143468883285,3.721114534808069,0.2729475933780887,0.00010461782639611477,0.2736446789005546
168,16.909999999999844,0.04,0.0005782579407506975,1.5945344549688458,0.6483008373385759,17.026276149225215,17.12239568677017,2.7667726410217384,22.899143254865177,3.721114500030091,0.2729580552248034,0.00010461896760306872,0.2736551407358286
169,17.00999999999986,0.04,0.0005782579299384455,1.5945344635794716,0.6483008312792492,17.026275990089637,17.122395526650077,2.766772615162181,22.899143040838933,3.721114465250792,0.2729685171828304,0.00010462005311192738,0.27366560268297335
170,17.109999999999875,0.04,0.0005782579191258328,1.5945344721901193,0.6483008252196952,17.026275830948133,17.122395366525303,2.766772589301661,22.89914282680467,3.7211144304701893,0.2729789792467374,0.00010462108564110907,0.27367606473652917
171,17.20999999999989,0.04,0.0005782579083128584,1.5945344808007833,0.6483008191599176,17.02627567180075,17.122395206395726,2.766772563440185,22.8991426127625,3.721114395688302,0.2729894414113567,0.00010462206777635606,0.27368652689130246
172,17.309999999999906,0.04,0.0005782578974995286,1.59453448941146,0.648300813099919,17.026275512647537,17.122395046261452,2.7667725375777623,22.89914239871253,3.721114360905147,0.27299990367177285,0.0001046230019772102,0.2736969891423532
173,17.409999999999922,0.04,0.0005782578866858462,1.5945344980221448,0.6483008070397024,17.026275353488604,17.122394886122496,2.76677251171441,22.899142184654856,3.7211143261207407,0.2730103660233104,0.00010462389058317203,0.27370745148498243
174,17.509999999999938,0.04,0.0005782578758718108,1.594534506632833,0.6483008009792708,17.02627519432401,17.12239472597877,2.766772485850138,22.899141970589593,3.7211142913351,0.27302082846152204,0.00010462473581955983,0.2737179139147205
175,17.609999999999953,0.04,0.0005782578650574303,1.5945345152435215,0.6483007949186264,17.026275035153837,17.12239456583043,2.7667724599849586,22.89914175651681,3.7211142565482382,0.2730312909821775,0.00010462553980308223,0.27372837642731596
176,17.70999999999997,0.04,0.0005782578542427034,1.5945345238542064,0.6483007888577719,17.02627487597818,17.12239440567739,2.766772434118889,22.899141542436602,3.72111422176017,0.273041753581253,0.00010462630454713924,0.27373883901872487
177,17.809999999999985,0.04,0.0005782578434276348,1.5945345324648839,0.6483007827967096,17.026274716797023,17.12239424551971,2.7667724082519247,22.899141328349057,3.721114186970909,0.27305221625492127,0.00010462703196686413,0.2737493016851007
178,17.91,0.04,0.0005782578326122274,1.5945345410755514,0.6483007767354414,17.026274557610453,17.122394085357435,2.766772382384081,22.899141114254245,3.721114152180467,0.2730626789995415,0.00010462772388391979,0.27375976442278444
179,18.000000000000014,0.04,0.0005782578228780737,1.5945345488251406,0.6483007712801261,17.026274414338005,17.12239394120748,2.7667723591022853,22.899140921562765,3.7211141208680703,0.2730720955274982,0.00010462831768837536,0.27376918094478825
180,18.10000000000003,0.04,0.0005782578120620285,1.5945345574357797,0.6483007652184731,17.02627425514137,17.12239378103648,2.766772333232806,22.89914070745436,3.7211140860754197,0.2730825583975271,0.00010462894685411412,0.27377964380850967
181,18.200000000000045,0.04,0.0005782578012456503,1.5945345660463994,0.6483007591566206,17.02627409593945,17.122393620860883,2.766772307362468,22.8991404933389,3.721114051281623,0.27309302132892427,0.00010462954531259761,0.27379010673390725
182,18.30000000000006,0.04,0.0005782577904289408,1.5945345746569972,0.6483007530945699,17.02627393673234,17.122393460680705,2.766772281491287,22.899140279216446,3.7211140164866894,0.27310348431869474,0.0001046301145625335,0.27380056971797095
183,18.400000000000077,0.04,0.0005782577796119039,1.594534583267571,0.648300747032323,17.026273777520082,17.122393300496018,2.7667722556192693,22.89914006508706,3.721113981690629,0.27311394736398953,0.00010463065602948313,0.27381103275783747
184,18.500000000000092,0.04,0.0005782577687945428,1.594534591878118,0.6483007409698816,17.02627361830273,17.12239314030686,2.7667722297464237,22.899139850950807,3.721113946893453,0.27312441046209873,0.00010463117106943132,0.27382149585078336
185,18.600000000000108,0.04,0.0005782577579768543,1.5945346004886354,0.6483007349072472,17.026273459080276,17.122392980113105,2.766772203872749,22.899139636807732,3.7211139120951686,0.2731348736104445,0.00010463166097218255,0.27383195899421786
186,18.700000000000124,0.04,0.0005782577471588427,1.594534609099121,0.6483007288444215,17.026273299852804,17.122392819914833,2.766772177998259,22.8991394226579,3.721113877295786,0.27314533680657493,0.00010463212696459038,0.27384242218567667
187,18.80000000000014,0.04,0.0005782577363405091,1.5945346177095732,0.6483007227814057,17.02627314062034,17.12239265971204,2.7667721521229574,22.89913920850136,3.7211138424953134,0.2731558000481582,0.00010463257021363043,0.27385288542281633
188,18.900000000000155,0.04,0.0005782577255218571,1.5945346263199898,0.6483007167182012,17.026272981382945,17.122392499504805,2.7667721262468548,22.899138994338145,3.7211138076937567,0.27316626333297556,0.00010463299182932239,0.27386334870340695
189,19.00000000000017,0.04,0.0005782577147028872,1.594534634930369,0.6483007106548092,17.026272822140616,17.1223923392931,2.7667721003699506,22.899138780168315,3.7211137728911243,0.27317672665891707,0.0001046333928675101,0.27387381202532807
190,19.100000000000186,0.04,0.0005782577038836015,1.594534643540709,0.648300704591231,17.02627266289337,17.12239217907696,2.766772074492247,22.899138565991908,3.721113738087423,0.2731871900239757,0.0001046337743325055,0.27388427538656246
191,19.200000000000202,0.04,0.000578257693063998,1.5945346521510075,0.648300698527468,17.0262725036413,17.122392018856292,2.76677204861376,22.899138351808965,3.7211137032826604,0.2731976534262422,0.00010463413717960376,0.27389473878519144
192,19.300000000000217,0.04,0.0005782576822440801,1.5945346607612632,0.648300692463521,17.026272344384374,17.122391858631172,2.7667720227344836,22.89913813761953,3.721113668476842,0.2732081168639006,0.00010463448231747574,0.2739052022193898
193,19.400000000000233,0.04,0.0005782576714238512,1.5945346693714748,0.6483006863993911,17.026272185122668,17.122391698401664,2.7667719968544304,22.899137923423634,3.721113633669974,0.27321858033522356,0.00010463481061044331,0.2739156656874216
194,19.50000000000025,0.04,0.0005782576606033104,1.5945346779816407,0.6483006803350794,17.026272025856166,17.122391538167726,2.766771970973598,22.899137709221318,3.721113598862063,0.2732290438385681,0.00010463512288064399,0.2739261291876356
195,19.600000000000264,0.04,0.0005782576497824559,1.5945346865917587,0.6483006742705869,17.026271866584928,17.12239137792927,2.766771945091996,22.89913749501261,3.7211135640531134,0.2732395073723712,0.0001046354199100898,0.27393659271846094
196,19.70000000000028,0.04,0.0005782576389612932,1.5945346952018284,0.6483006682059143,17.026271707308936,17.122391217686438,2.766771919209621,22.899137280797547,3.7211135292431305,0.27324997093514636,0.0001046357024426258,0.27394705627840366
197,19.800000000000296,0.04,0.0005782576281398198,1.5945347038118476,0.6483006621410629,17.026271548028266,17.122391057439128,2.7667718933264864,22.899137066576163,3.721113494432121,0.27326043452547955,0.00010463597118579249,0.2739575198660427
198,19.90000000000031,0.04,0.0005782576173180417,1.5945347124218165,0.6483006560760328,17.026271388742906,17.12239089718751,2.7667718674425896,22.89913685234847,3.721113459620086,0.2732708981420259,0.00010463622681259814,0.2739679834800263
199,20.000000000000327,0.04,0.0005782576064959575,1.5945347210317333,0.6483006500108252,17.02627122945291,17.122390736931518,2.766771841557939,22.899136638114506,3.721113424807032,0.27328136178350587,0.00010463646996320384,0.27397844711906877
200,20.100000000000342,0.04,0.0005782575956735643,1.594534729641596,0.648300643945441,17.02627107015822,17.12239057667103,2.7667718156725267,22.899136423874303,3.7211133899929645,0.27329182544870256,0.00010463670124652682,0.2739889107819468
201,20.200000000000358,0.04,0.0005782575848508651,1.594534738251404,0.6483006378798808,17.026270910858948,17.122390416406134,2.766771789786369,22.899136209627887,3.721113355177887,0.2733022891364585,0.00010463692124176522,0.2739993744674973
202,20.300000000000374,0.04,0.0005782575740278649,1.594534746861157,0.6483006318141451,17.02627075155505,17.12239025613696,2.7667717638994596,22.89913599537527,3.721113320361802,0.2733127528456726,0.00010463713049984884,0.27400983817461355
203,20.40000000000039,0.04,0.0005782575632045572,1.594534755470853,0.6483006257482347,17.02627059224657,17.122390095863285,2.7667717380118058,22.89913578111648,3.721113285544714,0.27332321657529773,0.00010463732954481851,0.27402030190224325
204,20.500000000000405,0.04,0.0005782575523809484,1.5945347640804923,0.64830061968215,17.02627043293352,17.122389935585293,2.766771712123409,22.89913556685154,3.721113250726626,0.27333368032433747,0.00010463751887513856,0.27403076564938494
205,20.60000000000042,0.04,0.0005782575415570378,1.5945347726900732,0.6483006136158919,17.02627027361587,17.122389775302945,2.7667716862342653,22.89913535258047,3.7211132159075424,0.2733441440918445,0.00010463769896494513,0.2740412294150866
206,20.700000000000436,0.04,0.0005782575307328232,1.5945347812995947,0.6483006075494607,17.026270114293727,17.122389615016164,2.766771660344391,22.899135138303286,3.7211131810874654,0.27335460787691734,0.00010463787026523361,0.2740516931984421
207,20.800000000000452,0.04,0.0005782575199083085,1.5945347899090567,0.648300601482857,17.026269954967034,17.12238945472505,2.766771634453778,22.89913492402001,3.7211131462663984,0.27336507167869845,0.00010463803320498783,0.2740621569985897
208,20.900000000000468,0.04,0.0005782575090834943,1.5945347985184584,0.6483005954160812,17.02626979563581,17.122389294429606,2.7667716085624274,22.89913470973066,3.721113111444344,0.27337553549637295,0.00010463818819225469,0.27407262081471045
209,21.000000000000483,0.04,0.0005782574982583782,1.5945348071277983,0.648300589349134,17.02626963630011,17.122389134129754,2.7667715826703505,22.89913449543525,3.7211130766213047,0.27338599932916463,0.00010463833561516562,0.27408308464602427
210,21.1000000000005,0.04,0.000578257487432964,1.5945348157370764,0.6483005832820157,17.02626947695989,17.12238897382559,2.766771556777539,22.899134281133794,3.7211130417972833,0.2733964631763359,0.00010463847584290894,0.27409354849178974
211,21.200000000000514,0.04,0.0005782574766072502,1.5945348243462922,0.6483005772147266,17.026269317615217,17.122388813517063,2.7667715308840037,22.89913406682631,3.721113006972282,0.273406927037185,0.0001046386092266541,0.27410401235130166
212,21.30000000000053,0.04,0.0005782574657812387,1.5945348329554447,0.6483005711472672,17.026269158266057,17.122388653204204,2.7667715049897397,22.89913385251281,3.721112972146304,0.2734173909110442,0.00010463873610043153,0.2741144762238889
213,21.400000000000546,0.04,0.000578257454954927,1.5945348415645333,0.6483005650796381,17.0262689989124,17.122388492886948,2.766771479094744,22.899133638193316,3.721112937319351,0.27342785479727855,0.0001046388567819686,0.2741249401089134
214,21.50000000000056,0.04,0.0005782574441283171,1.5945348501735572,0.6483005590118396,17.026268839554337,17.122388332565333,2.766771453199033,22.899133423867834,3.721112902491426,0.2734383186952842,0.00010463897157348568,0.27413540400576825
215,21.600000000000577,0.04,0.0005782574333014125,1.5945348587825168,0.6483005529438717,17.026268680191833,17.122388172239457,2.7667714273026003,22.899133209536373,3.7211128676625287,0.2734487826044863,0.00010463908076245303,0.2741458679138758
216,21.700000000000593,0.04,0.0005782574224742113,1.5945348673914113,0.6483005468757349,17.026268520824896,17.12238801190926,2.766771401405447,22.899132995198947,3.721112832832662,0.2734592465243389,0.00010463918462231013,0.2741563318326871
217,21.80000000000061,0.04,0.0005782574116467112,1.5945348760002394,0.6483005408074297,17.026268361453493,17.12238785157465,2.766771375507568,22.899132780855574,3.721112798001829,0.27346971045432167,0.00010463928341315147,0.2741667957616795
218,21.900000000000624,0.04,0.0005782574008189143,1.594534884609001,0.6483005347389565,17.026268202077688,17.122387691235694,2.766771349608974,22.899132566506264,3.721112763170031,0.2734801743939406,0.00010463937738237672,0.27417725970035645
219,22.00000000000064,0.04,0.0005782573899908242,1.5945348932176968,0.648300528670315,17.026268042697456,17.122387530892496,2.7667713237096607,22.899132352151007,3.721112728337267,0.27349063834272536,0.00010463946676531124,0.27418772364824506
220,22.100000000000655,0.04,0.0005782573791624365,1.594534901826325,0.648300522601506,17.026267883312862,17.12238737054491,2.7667712978096377,22.89913213778983,3.7211126935035415,0.2735011023002283,0.00010463955178579502,0.2741981876048957
221,22.20000000000067,0.04,0.000578257368333753,1.5945349104348854,0.6483005165325297,17.026267723923848,17.122387210192976,2.7667712719088975,22.899131923422754,3.7211126586688565,0.27351156626602396,0.00010463963265674303,0.27420865156988067
222,22.300000000000686,0.04,0.0005782573575047724,1.5945349190433775,0.6483005104633864,17.026267564530464,17.122387049836654,2.7667712460074467,22.899131709049776,3.721112623833213,0.273522030239708,0.00010463970958067884,0.2742191155427935
223,22.400000000000702,0.04,0.0005782573466755,1.5945349276518022,0.6483005043940758,17.026267405132668,17.122386889476108,2.7667712201052788,22.89913149467089,3.7211125889966086,0.2735324942208951,0.00010463978275024152,0.27422957952324706
224,22.500000000000718,0.04,0.000578257335845934,1.5945349362601582,0.6483004983245987,17.026267245730526,17.122386729111263,2.766771194202405,22.899131280286117,3.721112554159048,0.27354295820921903,0.00010463985234866822,0.2742400435108733
225,22.600000000000733,0.04,0.0005782573250160716,1.5945349448684452,0.648300492254955,17.02626708632398,17.122386568742037,2.766771168298815,22.899131065895464,3.721112519320532,0.2735534222043316,0.00010463991855025281,0.27425050750532215
226,22.70000000000075,0.04,0.0005782573141859172,1.5945349534766633,0.6483004861851449,17.0262669269131,17.122386408368556,2.766771142394521,22.899130851498935,3.7211124844810617,0.27356388620590144,0.00010463998152078264,0.2742609715062608
227,22.800000000000765,0.04,0.0005782573033554647,1.594534962084811,0.648300480115169,17.026266767497827,17.122386247990626,2.7667711164895135,22.899130637096544,3.7211124496406383,0.2735743502136133,0.0001046400414179536,0.27427143551337213
228,22.90000000000078,0.04,0.0005782572925247228,1.59453497069289,0.6483004740450269,17.026266608078206,17.12238608760851,2.766771090583799,22.899130422688284,3.7211124147992614,0.2735848142271675,0.00010464009839176492,0.2742818995263552
229,23.000000000000796,0.04,0.0005782572816936858,1.5945349793008987,0.6483004679747191,17.026266448654237,17.122385927222034,2.7667710646773784,22.899130208274176,3.7211123799569337,0.273595278246279,0.00010464015258489494,0.27429236354492337
230,23.10000000000081,0.04,0.0005782572708623563,1.594534987908837,0.6483004619042457,17.02626628922589,17.12238576683127,2.766771038770246,22.899129993854213,3.721112345113655,0.2736057422706764,0.00010464020413305858,0.274302827568804
231,23.200000000000827,0.04,0.0005782572600307334,1.594534996516705,0.6483004558336067,17.02626612979321,17.12238560643618,2.7667710128624097,22.89912977942841,3.721112310269427,0.2736162063001016,0.00010464025316534683,0.27431329159773765
232,23.300000000000843,0.04,0.0005782572491988159,1.594535005124502,0.6483004497628028,17.026265970356214,17.122385446036727,2.7667709869538717,22.899129564996766,3.7211122754242503,0.27362667033430943,0.00010464029980455018,0.27432375563147793
233,23.40000000000086,0.04,0.000578257238366607,1.5945350137322283,0.6483004436918334,17.026265810914854,17.122385285633012,2.766770961044625,22.89912935055929,3.721112240578125,0.2736371343730665,0.00010464034416746631,0.27433421966979027
234,23.500000000000874,0.04,0.0005782572275341058,1.5945350223398833,0.6483004376206991,17.026265651469195,17.122385125224987,2.7667709351346796,22.899129136115985,3.7211122057310533,0.2736475984161508,0.00010464038636519238,0.27434468371245146
235,23.60000000000089,0.04,0.00057825721670131,1.5945350309474666,0.6483004315494,17.02626549201916,17.1223849648126,2.766770909224023,22.899128921666854,3.721112170883035,0.2736580624633509,0.00010464042650340336,0.27435514775924924
236,23.700000000000905,0.04,0.0005782572058682252,1.5945350395549793,0.6483004254779359,17.026265332564847,17.122384804396006,2.766770883312671,22.899128707211904,3.7211121360340704,0.2736685265144661,0.00010464046468261655,0.27436561180998165
237,23.80000000000092,0.04,0.000578257195034845,1.5945350481624196,0.6483004194063072,17.02626517310617,17.122384643975007,2.7667708574006102,22.899128492751135,3.721112101184161,0.2736789905693054,0.00010464050099844335,0.2743760758644569
238,23.900000000000936,0.04,0.0005782571842011747,1.5945350567697885,0.6483004133345139,17.026265013643194,17.12238448354976,2.7667708314878507,22.899128278284557,3.721112066333307,0.2736894546276869,0.00010464053554182882,0.27438653992249207
239,24.000000000000952,0.04,0.0005782571733672103,1.5945350653770847,0.6483004072625563,17.026264854175864,17.122384323120148,2.766770805574384,22.89912806381217,3.721112031481509,0.2736999186894378,0.00010464056839927936,0.2743970039839136
240,24.100000000000968,0.04,0.0005782571625329555,1.5945350739843092,0.6483004011904342,17.026264694704263,17.12238416268627,2.7667707796602223,22.899127849333976,3.7211119966287676,0.2737103827543936,0.000104640599653079,0.27440746804855604
241,24.200000000000983,0.04,0.0005782571516984086,1.5945350825914613,0.6483003951181479,17.026264535228293,17.122384002248083,2.766770753745351,22.899127634849975,3.721111961775083,0.27372084682239767,0.00010464062938149633,0.27441793211626214
242,24.300000000001,0.04,0.0005782571408635708,1.594535091198541,0.6483003890456973,17.02626437574806,17.12238384180562,2.7667707278297877,22.899127420360177,3.721111926920456,0.27373131089330155,0.00010464065765897933,0.27442839618688253
243,24.400000000001015,0.04,0.0005782571300284404,1.594535099805548,0.6483003829730827,17.026264216263506,17.122383681358812,2.7667707019135217,22.899127205864588,3.721111892064888,0.2737417749669636,0.00010464068455634285,0.2744388602602749
244,24.50000000000103,0.04,0.000578257119193019,1.5945351084124824,0.6483003769003041,17.026264056774636,17.12238352090773,2.7667706759965545,22.8991269913632,3.7211118572083777,0.2737522390432491,0.00010464071014094552,0.2744493243363039
245,24.600000000001046,0.04,0.0005782571083573063,1.594535117019344,0.6483003708273614,17.02626389728144,17.12238336045234,2.766770650078884,22.899126776856022,3.721111822350926,0.27376270312203016,0.00010464073447685825,0.27445978841484103
246,24.70000000000106,0.04,0.0005782570975212998,1.5945351256261322,0.648300364754255,17.026263737783953,17.122383199992576,2.766770624160517,22.89912656234306,3.721111787492535,0.273773167203185,0.000104640757625025,0.2744702524957638
247,24.800000000001077,0.04,0.000578257086685004,1.5945351342328478,0.6483003586809847,17.0262635782822,17.122383039528575,2.766770598241456,22.899126347824307,3.7211117526332025,0.27378363128659766,0.00010464077964341514,0.27448071657895573
248,24.900000000001093,0.04,0.0005782570758484184,1.5945351428394903,0.6483003526075506,17.026263418776104,17.12238287906031,2.7667705723216893,22.899126133299767,3.72111171777293,0.2737940953721579,0.00010464080058716906,0.274491180664306
249,25.00000000000111,0.04,0.0005782570650115384,1.594535151446059,0.648300346533953,17.026263259265715,17.12238271858765,2.7667705464012253,22.899125918769453,3.7211116829117192,0.273804559459761,0.00010464082050873577,0.2745016447517094
250,25.100000000001124,0.04,0.0005782570541743676,1.5945351600525544,0.6483003404601917,17.026263099751066,17.122382558110694,2.766770520480069,22.89912570423336,3.721111648049569,0.27381502354930737,0.00010464083945800437,0.27451210884106575
251,25.20000000000114,0.04,0.0005782570433369072,1.5945351686589768,0.6483003343862667,17.026262940232087,17.122382397629487,2.766770494558209,22.899125489691485,3.7211116131864794,0.27382548764070186,0.00010464085748242918,0.2745225729322796
252,25.300000000001155,0.04,0.0005782570324991575,1.594535177265326,0.6483003283121781,17.026262780708812,17.122382237144027,2.766770468635651,22.89912527514383,3.721111578322451,0.27383595173385467,0.00010464087462714838,0.2745330370252605
253,25.40000000000117,0.04,0.0005782570216611143,1.594535185871601,0.6483003222379261,17.02626262118124,17.122382076654194,2.766770442712394,22.899125060590404,3.721111543457484,0.2738464158286797,0.00010464089093509717,0.27454350111992204
254,25.500000000001187,0.04,0.0005782570108227827,1.5945351944778028,0.6483003161635107,17.026262461649385,17.122381916160137,2.766770416788442,22.8991248460312,3.7211115085915787,0.2738568799250952,0.00010464090644711529,0.2745539652161821
255,25.600000000001202,0.04,0.000578256999984159,1.5945352030839308,0.6483003100889317,17.026262302113246,17.12238175566174,2.7667703908637935,22.89912463146623,3.721111473724736,0.27386734402302393,0.00010464092120204909,0.27456442931396285
256,25.700000000001218,0.04,0.0005782569891452439,1.5945352116899847,0.6483003040141897,17.026262142572804,17.12238159515902,2.766770364938446,22.89912441689549,3.721111438856956,0.27387780812239176,0.00010464093523684907,0.27457489341318997
257,25.800000000001234,0.04,0.0005782569783060384,1.5945352202959646,0.6483002979392842,17.026261983028093,17.122381434652013,2.766770339012404,22.899124202318983,3.721111403988239,0.2738882722231285,0.00010464094858666228,0.2745853575137929
258,25.90000000000125,0.04,0.0005782569674665406,1.5945352289018704,0.6483002918642157,17.026261823479082,17.12238127414066,2.766770313085664,22.89912398773671,3.7211113691185846,0.27389873632516754,0.00010464096128492047,0.2745958216157046
259,26.000000000001265,0.04,0.0005782569566267502,1.5945352375077018,0.6483002857889839,17.026261663925787,17.122381113624954,2.7667702871582276,22.899123773148673,3.721111334247994,0.273909200428445,0.00010464097336342357,0.27460628571886103
260,26.10000000000128,0.04,0.000578256945786675,1.5945352461134603,0.6483002797135886,17.026261504368193,17.12238095310512,2.766770261230093,22.899123558554866,3.7211112993764655,0.27391966453290056,0.00010464098485241955,0.2746167498232014
261,26.200000000001296,0.04,0.0005782569349463057,1.594535254719144,0.6483002736380303,17.026261344806347,17.122380792580884,2.7667702353012666,22.8991233439553,3.7211112645040005,0.2739301286384769,0.00010464099578068014,0.2746272139286682
262,26.30000000000131,0.04,0.0005782569241056464,1.5945352633247538,0.6483002675623089,17.026261185240166,17.122380632052373,2.7667702093717366,22.899123129349963,3.721111229630599,0.2739405927451191,0.00010464100617557268,0.27463767803520617
263,26.400000000001327,0.04,0.0005782569132646981,1.5945352719302897,0.6483002614864242,17.026261025669733,17.122380471519605,2.766770183441515,22.899122914738868,3.721111194756261,0.27395105685277527,0.00010464101606312888,0.2746481421427632
264,26.500000000001343,0.04,0.0005782569024234602,1.5945352805357513,0.6483002554103763,17.02626086609501,17.122380310982575,2.7667701575105967,22.899122700122007,3.7211111598809863,0.27396152096139587,0.00010464102546811,0.2746586062512895
265,26.60000000000136,0.04,0.00057825689158193,1.5945352891411384,0.6483002493341655,17.026260706516016,17.122380150441185,2.7667701315789843,22.899122485499394,3.721111125004777,0.2739719850709337,0.00010464103441406878,0.2746690703607377
266,26.700000000001374,0.04,0.0005782568807401057,1.5945352977464502,0.648300243257792,17.0262605469327,17.12237998989539,2.76677010564667,22.899122270871025,3.721111090127632,0.27398244918134407,0.00010464104292340836,0.27467953447106275
267,26.80000000000139,0.04,0.0005782568698979944,1.5945353063516885,0.6483002371812551,17.026260387345143,17.1223798293454,2.7667700797136656,22.899122056236894,3.7211110552495508,0.2739929132925846,0.00010464105101743847,0.2746899985822221
268,26.900000000001405,0.04,0.0005782568590555932,1.5945353149568524,0.6483002311045553,17.02626022775328,17.122379668791126,2.766770053779962,22.899121841597005,3.7211110203705338,0.27400337740461445,0.0001046410587164289,0.2747004626941748
269,27.00000000000142,0.04,0.0005782568482129023,1.594535323561942,0.6483002250276922,17.026260068157157,17.122379508232587,2.766770027845566,22.899121626951352,3.72111098549058,0.2740138415173954,0.00010464106603966002,0.2747109268068823
270,27.100000000001437,0.04,0.0005782568373699183,1.5945353321669564,0.6483002189506667,17.026259908556742,17.12237934766965,2.766770001910473,22.899121412299955,3.7211109506096935,0.2740243056308907,0.00010464107300547131,0.2747213909203078
271,27.200000000001452,0.04,0.0005782568265266447,1.5945353407718965,0.6483002128734779,17.026259748952064,17.122379187102453,2.7667699759746864,22.8991211976428,3.721110915727871,0.27403476974506535,0.00010464107963130717,0.274731855034416
272,27.300000000001468,0.04,0.0005782568156830828,1.5945353493767627,0.6483002067961262,17.02625958934307,17.122379026531018,2.7667699500381993,22.899120982979884,3.721110880845112,0.2740452338598862,0.00010464108593376035,0.2747423191491737
273,27.400000000001484,0.04,0.0005782568048392281,1.5945353579815535,0.6483002007186116,17.02625942972981,17.122378865955213,2.766769924101018,22.899120768311214,3.7211108459614186,0.2740556979753219,0.00010464109192861408,0.2747527832645493
274,27.5000000000015,0.04,0.0005782567939950835,1.5945353665862698,0.6483001946409342,17.026259270112316,17.122378705375112,2.7667698981631497,22.8991205536368,3.721110811076791,0.2740661620913423,0.00010464109763088118,0.27476324738051255
275,27.600000000001515,0.04,0.000578256783150651,1.594535375190912,0.6483001885630938,17.02625911049051,17.1223785447908,2.76676987222458,22.89912033895662,3.721110776191227,0.27407662620791895,0.00010464110305484167,0.2747737114970348
276,27.70000000000153,0.04,0.0005782567723059268,1.5945353837954792,0.6483001824850905,17.026258950864445,17.122378384202147,2.7667698462853187,22.899120124270688,3.721110741304728,0.27408709032502465,0.00010464110821407864,0.27478417561408874
277,27.800000000001546,0.04,0.0005782567614609111,1.5945353923999714,0.6483001764069245,17.026258791234078,17.122378223609154,2.766769820345358,22.899119909579014,3.721110706417296,0.2740975544426335,0.00010464111312151238,0.2747946397316484
278,27.90000000000156,0.04,0.0005782567506156042,1.5945354010043886,0.6483001703285957,17.026258631599436,17.122378063011837,2.766769794404703,22.899119694881584,3.721110671528929,0.27410801856072103,0.00010464111778943236,0.27480510384968915
279,28.000000000001577,0.04,0.0005782567397700105,1.594535409608732,0.6483001642501037,17.02625847196053,17.122377902410335,2.766769768463355,22.899119480178395,3.721110636639626,0.274118482679264,0.00010464112222952844,0.27481556796818757
280,28.100000000001593,0.04,0.0005782567289241238,1.594535418213,0.6483001581714491,17.02625831231732,17.12237774180445,2.766769742521307,22.899119265469462,3.7211106017493893,0.27412894679824007,0.00010464112645291985,0.2748260320871213
281,28.20000000000161,0.04,0.0005782567180779481,1.5945354268171934,0.6483001520926317,17.026258152669854,17.1223775811943,2.766769716578568,22.899119050754773,3.7211105668582176,0.27413941091762783,0.00010464113047018315,0.2748364962064689
282,28.300000000001624,0.04,0.0005782567072314821,1.594535435421312,0.6483001460136514,17.026257993018117,17.122377420579856,2.766769690635135,22.899118836034333,3.721110531966111,0.27414987503740756,0.00010464113429137864,0.27484696032621025
283,28.40000000000164,0.04,0.0005782566963847262,1.5945354440253559,0.6483001399345082,17.02625783336211,17.122377259961127,2.7667696646910076,22.89911862130814,3.72111049707307,0.2741603391575601,0.00010464113792607569,0.2748574244463264
284,28.500000000001656,0.04,0.0005782566855376777,1.594535452629324,0.6483001338552025,17.026257673701817,17.122377099338024,2.7667696387461844,22.899118406576203,3.7211104621790954,0.27417080327806703,0.0001046411413833766,0.27486788856679867
285,28.60000000000167,0.04,0.000578256674690342,1.5945354612332185,0.6483001277757336,17.02625751403726,17.122376938710715,2.7667696128006676,22.89911819183851,3.7211104272841857,0.2741812673989113,0.00010464114467193944,0.2748783526876099
286,28.700000000001687,0.04,0.0005782566638427138,1.5945354698370373,0.6483001216961023,17.026257354368393,17.12237677807905,2.766769586854451,22.899117977095074,3.7211103923883417,0.27419173152007614,0.00010464114779999969,0.27488881680874344
287,28.800000000001702,0.04,0.000578256652994797,1.5945354784407815,0.648300115616308,17.02625719469527,17.122376617443127,2.7667695609075422,22.899117762345885,3.721110357491564,0.2742021956415462,0.00010464115077539089,0.2748992809301836
288,28.900000000001718,0.04,0.0005782566421465895,1.5945354870444506,0.648300109536351,17.026257035017878,17.122376456802897,2.76676953495994,22.899117547590944,3.721110322593851,0.27421265976330655,0.0001046411536055642,0.2749097450519156
289,29.000000000001734,0.04,0.0005782566312980932,1.5945354956480453,0.648300103456231,17.026256875336223,17.12237629615841,2.7667695090116453,22.89911733283025,3.7211102876952036,0.27422312388534287,0.00010464115629760721,0.27492020917392496
290,29.10000000000175,0.04,0.0005782566204493038,1.5945355042515643,0.6483000973759485,17.026256715650245,17.122376135509537,2.766769483062648,22.899117118063817,3.721110252795623,0.2742335880076418,0.00010464115885826154,0.2749306732961982
291,29.200000000001765,0.04,0.000578256609600226,1.5945355128550087,0.6483000912955031,17.026256555960043,17.122375974856425,2.7667694571129644,22.899116903291624,3.721110217895107,0.2742440521301905,0.00010464116129393978,0.27494113741872245
292,29.30000000000178,0.04,0.0005782565987508565,1.594535521458378,0.648300085214895,17.026256396265534,17.12237581419897,2.7667694311625803,22.89911668851369,3.7211101829936575,0.2742545162529767,0.0001046411636107416,0.27495160154148546
293,29.400000000001796,0.04,0.000578256587901197,1.5945355300616721,0.6483000791341242,17.02625623656674,17.122375653537226,2.766769405211501,22.899116473730004,3.721110148091274,0.274264980375989,0.00010464116581446886,0.2749620656644757
294,29.500000000001812,0.04,0.0005782565770512491,1.5945355386648918,0.6483000730531905,17.02625607686376,17.122375492871235,2.7667693792597405,22.89911625894057,3.721110113187956,0.27427544449921615,0.00010464116791064031,0.27497252978768183
295,29.600000000001828,0.04,0.0005782565662010111,1.5945355472680363,0.648300066972094,17.026255917156423,17.12237533220095,2.7667693533072724,22.899116044145384,3.721110078283703,0.2742859086226479,0.00010464116990450544,0.27498299391109354
296,29.700000000001843,0.04,0.0005782565553504807,1.5945355558711054,0.6483000608908349,17.026255757444837,17.122375171526304,2.7667693273541136,22.899115829344453,3.721110043378517,0.274296372746274,0.00010464117180105732,0.27499345803470066
297,29.80000000000186,0.04,0.0005782565444996595,1.5945355644740993,0.6483000548094131,17.026255597728987,17.12237501084734,2.766769301400262,22.89911561453777,3.7211100084723965,0.27430683687008506,0.00010464117360504554,0.2750039221584936
298,29.900000000001874,0.04,0.000578256533648552,1.594535573077019,0.6483000487278283,17.026255438008825,17.122374850164196,2.76676927544571,22.89911539972534,3.7211099735653415,0.27431730099407226,0.00010464117532098774,0.2750143862824636
299,30.00000000000189,0.04,0.0005782565227971506,1.5945355816798628,0.648300042646081,17.026255278284417,17.122374689476644,2.7667692494904674,22.89911518490716,3.7211099386573525,0.27432776511822676,0.00010464117695318116,0.2750248504066018
300,30.100000000001906,0.04,0.0005782565119454598,1.594535590282632,0.6483000365641709,17.026255118555714,17.12237452878482,2.7667692235345274,22.899114970083236,3.7211099037484296,0.2743382292425405,0.00010464117850571321,0.2750353145308999
301,30.20000000000192,0.04,0.0005782565010934804,1.594535598885326,0.6483000304820979,17.026254958822776,17.122374368088746,2.7667691975778985,22.899114755253557,3.721109868838572,0.27434869336700557,0.00010464117998247198,0.2750457786553502
302,30.300000000001937,0.04,0.0005782564902412089,1.5945356074879449,0.6483000243998622,17.026254799085503,17.12237420738832,2.7667691716205662,22.899114540418132,3.7211098339277804,0.2743591574916147,0.00010464118138715557,0.2750562427799453
303,30.400000000001953,0.04,0.0005782564793886477,1.5945356160904887,0.6483000183174639,17.02625463934403,17.122374046683603,2.766769145662551,22.89911432557696,3.7211097990160553,0.27436962161636097,0.00010464118272328175,0.2750667069046781
304,30.500000000001968,0.04,0.0005782564685357965,1.5945356246929572,0.6483000122349027,17.02625447959824,17.122373885974596,2.766769119703834,22.89911411073004,3.721109764103396,0.27438008574123735,0.00010464118399419659,0.27507717102954177
305,30.600000000001984,0.04,0.0005782564576826564,1.5945356332953513,0.6483000061521786,17.026254319848167,17.122373725261337,2.766769093744421,22.899113895877367,3.721109729189801,0.27439054986623784,0.00010464118520308277,0.27508763515453016
306,30.700000000002,0.04,0.0005782564468292243,1.5945356418976697,0.648300000069292,17.026254160093828,17.122373564543725,2.7667690677843146,22.899113681018946,3.721109694275273,0.27440101399135614,0.00010464118635296765,0.2750980992796369
307,30.800000000002015,0.04,0.000578256435975501,1.5945356504999124,0.6482999939862428,17.026254000335246,17.12237340382178,2.7667690418235193,22.899113466154784,3.721109659359812,0.2744114781165867,0.00010464118744673087,0.2751085634048565
308,30.90000000000203,0.04,0.0005782564251214883,1.5945356591020807,0.6482999879030306,17.02625384057234,17.12237324309557,2.7667690158620215,22.899113251284863,3.721109624443415,0.274421942241924,0.00010464118848711153,0.27511902753018336
309,31.000000000002046,0.04,0.0005782564142671881,1.5945356677041742,0.6482999818196555,17.026253680805173,17.122373082365144,2.7667689898998304,22.899113036409194,3.7211095895260837,0.2744324063673626,0.00010464118947671508,0.27512949165561207
310,31.100000000002062,0.04,0.0005782564034125951,1.5945356763061922,0.6482999757361179,17.026253521033745,17.122372921630333,2.7667689639369475,22.899112821527783,3.7211095546078194,0.27444287049289795,0.00010464119041801976,0.275139955781138
311,31.200000000002078,0.04,0.0005782563925577116,1.5945356849081347,0.6482999696524175,17.026253361258046,17.122372760891217,2.7667689379733704,22.899112606640625,3.7211095196886212,0.274453334618525,0.00010464119131338284,0.27515041990675604
312,31.300000000002093,0.04,0.0005782563817025372,1.5945356935100021,0.6482999635685543,17.026253201478077,17.122372600147788,2.7667689120090997,22.89911239174771,3.721109484768488,0.2744637987442392,0.00010464119216504657,0.2751608840324617
313,31.40000000000211,0.04,0.000578256370847075,1.594535702111795,0.6482999574845283,17.026253041693813,17.122372439400134,2.766768886044131,22.899112176849044,3.72110944984742,0.2744742628700366,0.00010464119297514371,0.275171348158251
314,31.500000000002125,0.04,0.0005782563599913214,1.594535710713512,0.6482999514003397,17.026252881905283,17.122372278648147,2.766768860078469,22.899111961944637,3.7211094149254187,0.2744847269959128,0.00010464119374570298,0.2751818122841195
315,31.60000000000214,0.04,0.0005782563491352754,1.5945357193151537,0.6482999453159883,17.02625272211248,17.122372117891786,2.7667688341121126,22.899111747034485,3.721109380002484,0.2744951911218643,0.00010464119447865409,0.27519227641006366
316,31.700000000002156,0.04,0.0005782563382789404,1.5945357279167205,0.6482999392314741,17.0262525623154,17.12237195713118,2.7667688081450605,22.899111532118575,3.7211093450786135,0.27450565524788734,0.00010464119517583265,0.2752027405360797
317,31.80000000000217,0.04,0.0005782563274223188,1.594535736518213,0.6482999331467968,17.02625240251403,17.12237179636638,2.7667687821773117,22.899111317196912,3.721109310153808,0.2745161193739785,0.00010464119583898442,0.2752132046621642
318,31.900000000002187,0.04,0.0005782563165654036,1.5945357451196294,0.6482999270619572,17.026252242708413,17.12237163559718,2.7667687562088736,22.899111102269504,3.72110927522807,0.27452658350013437,0.00010464119646977014,0.2752236687883137
319,32.0000000000022,0.04,0.0005782563057081981,1.5945357537209708,0.6482999209769545,17.0262520828985,17.122371474823673,2.7667687302397366,22.89911088733635,3.7211092403013972,0.2745370476263516,0.00010464119706976963,0.2752341329145249
320,32.10000000000218,0.04,0.0005782562948507038,1.5945357623222371,0.6482999148917892,17.02625192308432,17.122371314045918,2.7667687042699063,22.899110672397445,3.72110920537379,0.2745475117526276,0.00010464119764048532,0.2752445970407952
321,32.20000000000216,0.04,0.000578256283992917,1.5945357709234278,0.6482999088064612,17.026251763265876,17.122371153263796,2.766768678299383,22.89911045745279,3.721109170445249,0.2745579758789592,0.00010464119818334651,0.27525506116712134
322,32.30000000000214,0.04,0.0005782562731348418,1.5945357795245438,0.6482999027209702,17.026251603443132,17.12237099247743,2.766768652328161,22.89911024250238,3.7211091355157726,0.27456844000534364,0.00010464119869971268,0.2752655252935006
323,32.40000000000212,0.04,0.0005782562622764759,1.5945357881255844,0.6482998966353165,17.0262514436161,17.122370831686755,2.7667686263562428,22.89911002754623,3.721109100585363,0.27457890413177843,0.00010464119919087689,0.2752759894199305
324,32.5000000000021,0.04,0.0005782562514178177,1.5945357967265492,0.6482998905495002,17.026251283784873,17.12237067089172,2.7667686003836423,22.899109812584328,3.721109065654019,0.2745893682582612,0.00010464119965806917,0.27528645354640857
325,32.60000000000208,0.04,0.0005782562405588691,1.594535805327439,0.648299884463521,17.026251123949287,17.12237051009238,2.766768574410334,22.899109597616675,3.7211090307217405,0.2745998323847895,0.00010464120010245951,0.27529691767293246
326,32.70000000000206,0.04,0.0005782562296996318,1.594535813928254,0.648299878377379,17.026250964109472,17.122370349288794,2.7667685484363376,22.89910938264327,3.7211089957885273,0.27461029651136115,0.00010464120052516084,0.2753073817994998
327,32.80000000000204,0.04,0.0005782562188401051,1.5945358225289936,0.6482998722910742,17.026250804265334,17.122370188480925,2.766768522461639,22.899109167664115,3.7211089608543797,0.27462076063797397,0.00010464120092723168,0.27531784592610864
328,32.900000000002024,0.04,0.0005782562079802879,1.5945358311296582,0.6482998662046064,17.026250644416972,17.122370027668765,2.7667684964862547,22.899108952679207,3.721108925919297,0.274631224764626,0.00010464120130967897,0.2753283100527568
329,33.000000000002004,0.04,0.0005782561971201792,1.5945358397302474,0.648299860117976,17.026250484564333,17.122369866852264,2.7667684705101747,22.89910873768855,3.7211088909832806,0.2746416888913154,0.00010464120167346039,0.2753387741794426
330,33.100000000001984,0.04,0.0005782561862597801,1.5945358483307612,0.6482998540311828,17.02625032470739,17.122369706031456,2.7667684445333958,22.89910852269215,3.7211088560463303,0.2746521530180403,0.00010464120201948698,0.275349238306164
331,33.200000000001964,0.04,0.0005782561753990899,1.5945358569311994,0.648299847944227,17.026250164846193,17.122369545206325,2.766768418555925,22.899108307689993,3.7211088211084453,0.2746626171447989,0.00010464120234862533,0.2753597024329193
332,33.300000000001944,0.04,0.0005782561645381097,1.5945358655315627,0.6482998418571082,17.0262500049807,17.122369384376906,2.7667683925777564,22.89910809268209,3.721108786169626,0.2746730812715897,0.00010464120266169965,0.2753701665597069
333,33.400000000001924,0.04,0.0005782561536768413,1.5945358741318512,0.6482998357698265,17.026249845110964,17.122369223543256,2.7667683665988982,22.89910787766843,3.7211087512298713,0.2746835453984109,0.0001046412029594939,0.2753806306865252
334,33.500000000001904,0.04,0.0005782561428152803,1.5945358827320641,0.648299829682382,17.026249685236948,17.122369062705236,2.7667683406193446,22.89910766264902,3.7211087162891823,0.27469400952526124,0.00010464120324275396,0.2753910948133727
335,33.600000000001884,0.04,0.0005782561319534292,1.5945358913322016,0.6482998235947748,17.026249525358562,17.12236890186292,2.7667683146390813,22.899107447623862,3.721108681347559,0.2747044736521392,0.00010464120351218912,0.2754015589402479
336,33.700000000001864,0.04,0.0005782561210912895,1.5945358999322643,0.6482998175070045,17.026249365476005,17.122368741016366,2.7667682886581395,22.899107232592947,3.7211086464050003,0.27471493777904343,0.00010464120376847406,0.2754120230671496
337,33.800000000001845,0.04,0.0005782561102288586,1.5945359085322515,0.6482998114190717,17.02624920558913,17.122368580165475,2.766768262676497,22.899107017556286,3.721108611461508,0.27472540190597267,0.0001046412040122508,0.2754224871940764
338,33.900000000001825,0.04,0.000578256099366137,1.5945359171321634,0.6482998053309759,17.026249045697995,17.122368419310277,2.766768236694161,22.89910680251387,3.721108576517081,0.2747358660329256,0.00010464120424412971,0.275432951321027
339,34.000000000001805,0.04,0.0005782560885031234,1.5945359257319995,0.6482997992427174,17.0262488858026,17.12236825845073,2.7667682107111338,22.89910658746571,3.7211085415717196,0.27474633015990124,0.0001046412044646914,0.27544341544800044
340,34.100000000001785,0.04,0.0005782560776398194,1.5945359343317607,0.6482997931542961,17.026248725902896,17.122368097586882,2.7667681847274053,22.899106372411794,3.7211085066254235,0.27475679428689836,0.00010464120467448828,0.27545387957499545
341,34.200000000001765,0.04,0.0005782560667762249,1.5945359429314463,0.6482997870657119,17.026248565998916,17.122367936718728,2.7667681587429827,22.89910615735213,3.721108471678193,0.274767258413916,0.00010464120487404583,0.2754643437020111
342,34.300000000001745,0.04,0.000578256055912341,1.5945359515310569,0.6482997809769648,17.026248406090684,17.122367775846307,2.766768132757869,22.89910594228671,3.7211084367300273,0.2747777225409531,0.00010464120506386368,0.2754748078290463
343,34.400000000001725,0.04,0.0005782560450481669,1.5945359601305924,0.6482997748880549,17.026248246178124,17.122367614969587,2.766768106772052,22.89910572721554,3.7211084017809273,0.2747881866680088,0.00010464120524441721,0.27548527195610023
344,34.500000000001705,0.04,0.000578256034183704,1.5945359687300529,0.648299768798982,17.026248086261337,17.122367454088618,2.7667680807855484,22.89910551213861,3.7211083668308915,0.274798650795082,0.00010464120541615857,0.2754957360831716
345,34.600000000001685,0.04,0.0005782560233189482,1.5945359773294374,0.6482997627097464,17.026247926340258,17.122367293203276,2.7667680547983466,22.899105297055936,3.721108331879922,0.2748091149221719,0.00010464120557951786,0.27550620021025995
346,34.700000000001666,0.04,0.0005782560124539037,1.5945359859287473,0.6482997566203478,17.02624776641491,17.12236713231368,2.766768028810452,22.899105081967505,3.7211082969280165,0.27481957904927773,0.00010464120573490423,0.2755166643373642
347,34.800000000001646,0.04,0.0005782560015885663,1.5945359945279813,0.6482997505307865,17.026247606485317,17.122366971419705,2.7667680028218666,22.899104866873323,3.721108261975177,0.27483004317639875,0.00010464120588270675,0.27552712846448374
348,34.900000000001626,0.04,0.0005782559907229411,1.5945360031271405,0.6482997444410622,17.026247446551395,17.122366810521516,2.7667679768325786,22.89910465177339,3.7211082270214026,0.2748405073035342,0.00010464120602329555,0.27553759259161775
349,35.000000000001606,0.04,0.0005782559798570237,1.5945360117262242,0.648299738351175,17.02624728661321,17.122366649618968,2.7667679508425977,22.8991044366677,3.7211081920666933,0.27485097143068327,0.00010464120615702276,0.2755480567187655
350,35.100000000001586,0.04,0.000578255968990818,1.5945360203252328,0.648299732261125,17.026247126670714,17.12236648871218,2.766767924851916,22.899104221556257,3.721108157111049,0.2748614355578454,0.00010464120628422321,0.27555852084592636
351,35.200000000001566,0.04,0.00057825595812432,1.594536028924166,0.6482997261709121,17.026246966724,17.122366327801043,2.766767898860549,22.899104006439064,3.72110812215447,0.27487189968501996,0.0001046412064052155,0.27556898497309973
352,35.300000000001546,0.04,0.0005782559472575305,1.5945360375230235,0.6482997200805365,17.026246806772967,17.12236616688557,2.7667678728684804,22.89910379131612,3.721108087196957,0.27488236381220627,0.00010464120652030267,0.27557944910028487
353,35.400000000001526,0.04,0.0005782559363904511,1.5945360461218057,0.648299713989998,17.02624664681767,17.12236600596581,2.766767846875718,22.89910357618742,3.7211080522385083,0.2748928279394039,0.00010464120662977276,0.2755899132274814
354,35.500000000001506,0.04,0.0005782559255230812,1.5945360547205127,0.6482997078992965,17.026246486858078,17.12236584504174,2.766767820882259,22.89910336105297,3.721108017279125,0.27490329206661224,0.00010464120673390005,0.27560037735468873
355,35.60000000000149,0.04,0.0005782559146554209,1.5945360633191445,0.6482997018084321,17.026246326894217,17.122365684113383,2.7667677948881053,22.899103145912765,3.7211079823188067,0.27491375619383074,0.00010464120683294533,0.2756108414819062
356,35.70000000000147,0.04,0.0005782559037874703,1.5945360719177009,0.6482996957174049,17.026246166926104,17.122365523180722,2.766767768893261,22.899102930766805,3.7211079473575532,0.27492422032105895,0.00010464120692715658,0.27562130560913345
357,35.80000000000145,0.04,0.0005782558929192285,1.594536080516182,0.6482996896262146,17.026246006953713,17.12236536224374,2.7667677428977213,22.89910271561509,3.7211079123953645,0.2749346844482962,0.00010464120701676966,0.2756317697363698
358,35.90000000000143,0.04,0.0005782558820506963,1.5945360891145877,0.6482996835348616,17.026245846977023,17.122365201302458,2.7667677169014833,22.899102500457623,3.721107877432241,0.27494514857554225,0.00010464120710200906,0.275642233863615
359,36.00000000000141,0.04,0.0005782558711818738,1.5945360977129182,0.6482996774433456,17.026245686996052,17.12236504035688,2.7667676909045498,22.899102285294397,3.7211078424681823,0.2749556127027967,0.00010464120718308823,0.27565269799086867
360,36.10000000000139,0.04,0.0005782558603127629,1.5945361063111736,0.6482996713516667,17.02624552701079,17.122364879407062,2.766767664906918,22.899102070125423,3.7211078075031887,0.27496607683005914,0.00010464120726021019,0.2756631621181303
361,36.20000000000137,0.04,0.0005782558494433578,1.594536114909353,0.6482996652598249,17.02624536702125,17.122364718452832,2.766767638908592,22.89910185495069,3.72110777253726,0.2749765409573289,0.00010464120733356816,0.2756736262453993
362,36.30000000000135,0.04,0.0005782558385736633,1.5945361235074575,0.6482996591678202,17.02624520702748,17.122364557494333,2.7667676129095784,22.899101639770205,3.7211077375703963,0.27498700508460583,0.0001046412074033458,0.27568409037267555
363,36.40000000000133,0.04,0.0005782558277036796,1.594536132105487,0.6482996530756524,17.026245047029416,17.122364396531577,2.766767586909867,22.899101424583957,3.721107702602596,0.2749974692118896,0.00010464120746971785,0.2756945544999587
364,36.50000000000131,0.04,0.0005782558168334053,1.594536140703441,0.6482996469833217,17.026244887027044,17.122364235564515,2.7667675609094555,22.89910120939196,3.7211076676338615,0.27500793333917983,0.00010464120753285053,0.2757050186272483
365,36.60000000000129,0.04,0.000578255805962841,1.59453614930132,0.648299640890828,17.02624472702041,17.122364074593165,2.7667675349083516,22.899100994194207,3.721107632664191,0.2750183974664762,0.00010464120759290191,0.27571548275454405
366,36.70000000000127,0.04,0.0005782557950919843,1.594536157899123,0.6482996347981715,17.02624456700946,17.122363913617452,2.766767508906546,22.8991007789907,3.7211075976935866,0.27502886159377843,0.00010464120765002242,0.2757259468818457
367,36.80000000000125,0.04,0.0005782557842208374,1.594536166496851,0.6482996287053521,17.026244406994262,17.12236375263745,2.7667674829040507,22.899100563781435,3.7211075627220462,0.2750393257210862,0.0001046412077043551,0.2757364110091529
368,36.90000000000123,0.04,0.0005782557733493995,1.594536175094503,0.6482996226123698,17.026244246974795,17.122363591653126,2.766767456900861,22.89910034856642,3.7211075277495715,0.27504978984839934,0.00010464120775603596,0.2757468751364655
369,37.00000000000121,0.04,0.0005782557624776709,1.5945361836920802,0.6482996165192245,17.02624408695106,17.122363430664503,2.7667674308969783,22.89910013334565,3.721107492776161,0.27506025397571754,0.00010464120780519447,0.27575733926378326
370,37.10000000000119,0.04,0.0005782557516056513,1.5945361922895818,0.6482996104259163,17.026243926923005,17.122363269671556,2.766767404892393,22.899099918119123,3.7211074578018155,0.2750707181030405,0.00010464120785195375,0.27576780339110574
371,37.20000000000117,0.04,0.0005782557407333419,1.5945362008870083,0.648299604332445,17.026243766890705,17.122363108674335,2.7667673788871183,22.899099702886836,3.721107422826534,0.2750811822303681,0.00010464120789643092,0.2757782675184329
372,37.30000000000115,0.04,0.0005782557298607398,1.594536209484359,0.648299598238811,17.026243606854102,17.122362947672745,2.7667673528811445,22.8990994876488,3.721107387850318,0.27509164635769995,0.0001046412079387373,0.27578873164576434
373,37.40000000000113,0.04,0.0005782557189878501,1.594536218081635,0.6482995921450138,17.0262434468132,17.12236278666694,2.766767326874472,22.899099272405003,3.7211073528731657,0.27510211048503586,0.00010464120797897889,0.27579919577309986
374,37.50000000000111,0.04,0.0005782557081146692,1.5945362266788354,0.6482995860510535,17.02624328676805,17.122362625656816,2.766767300867109,22.899099057155443,3.7211073178950778,0.27511257461237576,0.00010464120801725647,0.2758096599004394
375,37.60000000000109,0.04,0.0005782556972411969,1.5945362352759604,0.6482995799569305,17.026243126718636,17.122362464642368,2.7667672748590535,22.899098841900134,3.721107282916055,0.2751230387397195,0.00010464120805366578,0.2758201240277827
376,37.70000000000107,0.04,0.0005782556863674337,1.59453624387301,0.6482995738626445,17.02624296666491,17.122362303623603,2.7667672488502966,22.89909862663907,3.721107247936097,0.27513350286706667,0.0001046412080882981,0.27583058815512956
377,37.80000000000105,0.04,0.0005782556754933798,1.594536252469984,0.6482995677681955,17.02624280660693,17.12236214260053,2.766767222840849,22.89909841137225,3.721107212955204,0.27514396699441723,0.00010464120812124017,0.2758410522824798
378,37.90000000000103,0.04,0.000578255664619034,1.5945362610668825,0.6482995616735836,17.026242646544635,17.122361981573118,2.7667671968307,22.899098196099672,3.721107177973375,0.27515443112177096,0.00010464120815257449,0.2758515164098332
379,38.00000000000101,0.04,0.0005782556537443997,1.5945362696637062,0.6482995555788085,17.026242486478093,17.122361820541467,2.766767170819861,22.89909798082133,3.7211071429906095,0.2751648952491278,0.00010464120818237942,0.27586198053718974
380,38.10000000000099,0.04,0.0005782556428694752,1.5945362782604546,0.6482995494838704,17.02624232640727,17.122361659505522,2.7667671448083264,22.899097765537235,3.7211071080069087,0.2751753593764875,0.00010464120821072971,0.27587244466454913
381,38.20000000000097,0.04,0.0005782556319942592,1.5945362868571276,0.6482995433887693,17.026242166332125,17.122361498465253,2.766767118796089,22.89909755024738,3.7211070730222726,0.27518582350385,0.00010464120823769631,0.2758829087919114
382,38.30000000000095,0.04,0.0005782556211187502,1.5945362954537246,0.6482995372935054,17.02624200625272,17.122361337420603,2.76676709278316,22.899097334951776,3.7211070380367017,0.2751962876312151,0.0001046412082633468,0.27589337291927624
383,38.40000000000093,0.04,0.0005782556102429519,1.5945363040502465,0.6482995311980785,17.026241846169054,17.122361176371687,2.766767066769538,22.899097119650413,3.721107003050195,0.27520675175858283,0.00010464120828774534,0.2759038370466437
384,38.50000000000091,0.04,0.0005782555993668633,1.5945363126466932,0.6482995251024883,17.026241686081057,17.122361015318486,2.7667670407552127,22.89909690434328,3.7211069680627515,0.2752172158859529,0.00010464120831095314,0.2759143011740135
385,38.60000000000089,0.04,0.0005782555884904845,1.5945363212430645,0.6482995190067352,17.026241525988837,17.122360854260993,2.766767014740201,22.899096689030397,3.7211069330743727,0.2752276800133252,0.00010464120833302823,0.2759247653013856
386,38.70000000000087,0.04,0.0005782555776138154,1.5945363298393604,0.6482995129108191,17.026241365892282,17.1223606931992,2.7667669887244846,22.899096473711754,3.7211068980850586,0.27523814414069964,0.0001046412083540259,0.27593522942875987
387,38.80000000000085,0.04,0.0005782555667368529,1.5945363384355806,0.6482995068147402,17.026241205791475,17.122360532133026,2.7667669627080773,22.899096258387363,3.7211068630948096,0.27524860826807607,0.00010464120837399878,0.2759456935561361
388,38.90000000000083,0.04,0.0005782555558596022,1.594536347031726,0.648299500718498,17.026241045686405,17.122360371062623,2.7667669366909773,22.8990960430572,3.7211068281036233,0.27525907239545444,0.00010464120839299685,0.2759561576835143
389,39.00000000000081,0.04,0.0005782555449820593,1.5945363556277956,0.6482994946220928,17.02624088557704,17.12236020998787,2.7667669106731796,22.899095827721283,3.7211067931115016,0.2752695365228347,0.0001046412084110677,0.2759666218108944
390,39.10000000000079,0.04,0.0005782555341042251,1.5945363642237897,0.6482994885255247,17.026240725463435,17.122360048908796,2.7667668846546927,22.899095612379607,3.7211067581184447,0.2752800006502168,0.00010464120842825655,0.27597708593827625
391,39.20000000000077,0.04,0.000578255523226101,1.5945363728197084,0.6482994824287935,17.026240565345486,17.12235988782543,2.7667668586355,22.89909539703218,3.7211067231244526,0.27529046477760055,0.00010464120844460648,0.27598755006565984
392,39.30000000000075,0.04,0.0005782555123476871,1.5945363814155522,0.6482994763318991,17.026240405223234,17.1223597267378,2.766766832615608,22.899095181678984,3.721106688129523,0.2753009289049859,0.00010464120846015847,0.27599801419304504
393,39.40000000000073,0.04,0.0005782555014689822,1.5945363900113205,0.6482994702348418,17.02624024509674,17.122359565645848,2.766766806595027,22.89909496632003,3.721106653133658,0.2753113930323727,0.00010464120847495139,0.2760084783204316
394,39.50000000000071,0.04,0.0005782554905899831,1.5945363986070127,0.6482994641376215,17.026240084965956,17.12235940454949,2.7667667805737484,22.89909475095532,3.721106618136858,0.27532185715976093,0.00010464120848902234,0.2760189424478198
395,39.60000000000069,0.04,0.0005782554797106965,1.5945364072026302,0.648299458040238,17.026239924830918,17.122359243448923,2.766766754551779,22.89909453558485,3.7211065831391217,0.2753323212871507,0.00010464120850240649,0.2760294065752094
396,39.70000000000067,0.04,0.0005782554688311187,1.594536415798172,0.6482994519426916,17.026239764691567,17.12235908234404,2.766766728529108,22.89909432020862,3.721106548140449,0.2753427854145416,0.0001046412085151375,0.27603987070260017
397,39.80000000000065,0.04,0.0005782554579512478,1.5945364243936382,0.6482994458449821,17.02623960454793,17.122358921234778,2.766766702505741,22.89909410482663,3.7211065131408407,0.27535324954193374,0.00010464120852724714,0.27605033482999225
398,39.90000000000063,0.04,0.0005782554470710888,1.5945364329890295,0.6482994397471095,17.026239444400012,17.122358760121287,2.7667666764816787,22.89909388943888,3.7211064781402965,0.2753637136693272,0.00010464120853876573,0.27606079895738556
399,40.00000000000061,0.04,0.0005782554361906391,1.5945364415843453,0.6482994336490737,17.0262392842478,17.122358599003498,2.766766650456918,22.89909367404537,3.721106443138816,0.27537417779672163,0.00010464120854972212,0.27607126308477986
